Year,Country of Origin Name,Country of Asylum Name,Population Type,location,urbanRural,accommodationType,Female 0-4,Female 5-11,Female 12-17,Female 18-59,Female 60 or more,Female Unknown,Female Total,Male 0-4,Male 5-11,Male 12-17,Male 18-59,Male 60 or more,Male Unknown,Male Total,Total,Population_Type_Encoded,PopType_ASY,PopType_IDP,PopType_RDP,PopType_REF,PopType_RET
2001,Afghanistan,Sri Lanka,ASY,Colombo,U,U,6,0,0,0,0,0,6,0,7,0,0,0,0,7,13,0,True,False,False,False,False
2001,Iraq,Sri Lanka,ASY,Colombo,U,U,0,7,0,0,0,0,7,5,0,0,5,0,0,10,17,0,True,False,False,False,False
2001,Iraq,Sri Lanka,REF,Colombo,U,U,0,0,5,0,0,0,5,0,0,0,8,0,0,8,13,1,False,False,False,True,False
2001,Sri Lanka,Sri Lanka,IDP,Dispersed in the country / territory,R,U,0,0,0,0,0,0,0,0,0,0,0,0,0,0,683286,2,False,True,False,False,False
2001,Sri Lanka,Sri Lanka,IDP,Dispersed in the country / territory,V,U,0,0,0,0,0,0,0,0,0,0,0,0,0,0,48552,2,False,True,False,False,False
2001,Sri Lanka,Sri Lanka,RET,Dispersed in the country / territory,V,U,0,0,0,0,0,0,0,0,0,0,0,0,0,0,14,3,False,False,False,False,True
2002,Afghanistan,Sri Lanka,ASY,Colombo,R,U,6,0,0,0,0,0,6,0,7,0,0,0,0,7,13,0,True,False,False,False,False
2002,Iraq,Sri Lanka,REF,Colombo,R,U,0,0,9,0,0,0,9,0,0,0,13,0,0,13,22,1,False,False,False,True,False
2002,Sri Lanka,Sri Lanka,IDP,Dispersed in the country / territory,R,U,0,0,0,0,0,0,0,0,0,0,0,0,0,0,462826,2,False,True,False,False,False
2002,Sri Lanka,Sri Lanka,RDP,Dispersed in the country / territory,V,U,0,0,0,0,0,0,0,0,0,0,0,0,0,0,269012,4,False,False,True,False,False
2002,Sri Lanka,Sri Lanka,RET,Dispersed in the country / territory,V,U,0,0,0,0,0,0,0,0,0,0,0,0,0,0,1439,3,False,False,False,False,True
2003,Afghanistan,Sri Lanka,ASY,Colombo,U,U,0,5,0,0,0,0,5,0,0,0,0,0,0,0,5,0,True,False,False,False,False
2003,Afghanistan,Sri Lanka,REF,Colombo,U,U,0,5,0,0,0,0,5,0,7,0,0,0,0,7,12,1,False,False,False,True,False
2003,Iraq,Sri Lanka,REF,Colombo,U,U,0,7,0,0,0,0,7,0,0,0,7,0,0,7,14,1,False,False,False,True,False
2003,Sri Lanka,Sri Lanka,IDP,Ampara,U,U,271,597,512,2613,322,0,4315,281,626,536,2438,331,0,4212,8527,2,False,True,False,False,False
2003,Sri Lanka,Sri Lanka,IDP,Anuradhapura,C,U,294,571,489,1989,171,0,3514,300,587,503,1890,181,0,3461,6975,2,False,True,False,False,False
2003,Sri Lanka,Sri Lanka,IDP,Anuradhapura,U,U,431,951,816,4165,513,0,6876,447,997,855,3886,528,0,6713,13589,2,False,True,False,False,False
2003,Sri Lanka,Sri Lanka,IDP,Badulla,U,U,8,18,15,78,9,0,128,9,19,16,73,10,0,127,255,2,False,True,False,False,False
2003,Sri Lanka,Sri Lanka,IDP,Batticaloa,U,U,875,1930,1655,8451,1040,0,13951,908,2024,1735,7886,1072,0,13625,27576,2,False,True,False,False,False
2003,Sri Lanka,Sri Lanka,IDP,Colombo,C,U,19,37,32,129,12,0,229,20,38,32,123,12,0,225,454,2,False,True,False,False,False
2003,Sri Lanka,Sri Lanka,IDP,Colombo,U,U,96,211,181,925,113,0,1526,100,222,190,863,118,0,1493,3019,2,False,True,False,False,False
2003,Sri Lanka,Sri Lanka,IDP,Galle,U,U,18,40,35,178,21,0,292,20,43,37,166,23,0,289,581,2,False,True,False,False,False
2003,Sri Lanka,Sri Lanka,IDP,Gampaha,U,U,76,167,143,733,90,0,1209,79,176,150,682,93,0,1180,2389,2,False,True,False,False,False
2003,Sri Lanka,Sri Lanka,IDP,Hambantota,U,U,5,7,5,32,5,0,54,5,7,7,30,5,0,54,108,2,False,True,False,False,False
2003,Sri Lanka,Sri Lanka,IDP,Jaffna,C,U,435,842,721,2931,252,0,5181,441,864,741,2784,265,0,5095,10276,2,False,True,False,False,False
2003,Sri Lanka,Sri Lanka,IDP,Jaffna,U,U,1640,3620,3102,15850,1951,0,26163,1704,3796,3254,14791,2010,0,25555,51718,2,False,True,False,False,False
2003,Sri Lanka,Sri Lanka,IDP,Kalutara,U,U,27,60,52,264,32,0,435,29,64,54,247,34,0,428,863,2,False,True,False,False,False
2003,Sri Lanka,Sri Lanka,IDP,Kandy,U,U,5,8,6,37,5,0,61,5,10,8,37,5,0,65,126,2,False,True,False,False,False
2003,Sri Lanka,Sri Lanka,IDP,Kegalle,U,U,0,6,0,14,0,0,20,0,0,8,16,0,0,24,44,2,False,True,False,False,False
2003,Sri Lanka,Sri Lanka,IDP,Kilinochchi,C,U,436,843,723,2937,254,0,5193,442,866,742,2790,265,0,5105,10298,2,False,True,False,False,False
2003,Sri Lanka,Sri Lanka,IDP,Kilinochchi,U,U,1049,2314,1983,10132,1247,0,16725,1089,2426,2080,9454,1285,0,16334,33059,2,False,True,False,False,False
2003,Sri Lanka,Sri Lanka,IDP,Kurunegala,C,U,36,70,60,244,21,0,431,37,72,62,232,24,0,427,858,2,False,True,False,False,False
2003,Sri Lanka,Sri Lanka,IDP,Kurunegala,U,U,75,163,140,715,88,0,1181,76,171,147,670,91,0,1155,2336,2,False,True,False,False,False
2003,Sri Lanka,Sri Lanka,IDP,Mannar,C,U,225,435,373,1516,130,0,2679,228,447,383,1440,137,0,2635,5314,2,False,True,False,False,False
2003,Sri Lanka,Sri Lanka,IDP,Mannar,U,U,881,1944,1667,8513,1048,0,14053,915,2039,1748,7945,1079,0,13726,27779,2,False,True,False,False,False
2003,Sri Lanka,Sri Lanka,IDP,Matale,U,U,87,194,166,850,104,0,1401,92,204,175,793,108,0,1372,2773,2,False,True,False,False,False
2003,Sri Lanka,Sri Lanka,IDP,Matara,U,U,39,87,75,383,47,0,631,42,92,79,358,49,0,620,1251,2,False,True,False,False,False
2003,Sri Lanka,Sri Lanka,IDP,Mullaitivu,C,U,364,704,603,2452,212,0,4335,369,723,619,2328,221,0,4260,8595,2,False,True,False,False,False
2003,Sri Lanka,Sri Lanka,IDP,Mullaitivu,U,U,1651,3644,3123,15954,1964,0,26336,1716,3821,3276,14889,2024,0,25726,52062,2,False,True,False,False,False
2003,Sri Lanka,Sri Lanka,IDP,Polonnaruwa,C,U,21,41,36,144,12,0,254,22,43,37,138,14,0,254,508,2,False,True,False,False,False
2003,Sri Lanka,Sri Lanka,IDP,Polonnaruwa,U,U,85,187,160,818,101,0,1351,88,196,168,764,104,0,1320,2671,2,False,True,False,False,False
2003,Sri Lanka,Sri Lanka,IDP,Puttalam,C,U,1474,2855,2447,9946,855,0,17577,1502,2933,2514,9451,899,0,17299,34876,2,False,True,False,False,False
2003,Sri Lanka,Sri Lanka,IDP,Puttalam,U,U,386,852,730,3730,459,0,6157,401,893,766,3480,474,0,6014,12171,2,False,True,False,False,False
2003,Sri Lanka,Sri Lanka,IDP,Ratnapura,U,U,5,9,9,45,5,0,73,5,11,10,44,6,0,76,149,2,False,True,False,False,False
2003,Sri Lanka,Sri Lanka,IDP,Trincomalee,C,U,158,305,261,1063,91,0,1878,160,313,269,1010,96,0,1848,3726,2,False,True,False,False,False
2003,Sri Lanka,Sri Lanka,IDP,Trincomalee,U,U,535,1179,1011,5163,636,0,8524,555,1236,1060,4818,654,0,8323,16847,2,False,True,False,False,False
2003,Sri Lanka,Sri Lanka,IDP,Vavuniya,C,U,431,834,714,2904,249,0,5132,438,857,735,2758,262,0,5050,10182,2,False,True,False,False,False
2003,Sri Lanka,Sri Lanka,IDP,Vavuniya,U,U,1083,2390,2049,10466,1288,0,17276,1125,2507,2148,9766,1327,0,16873,34149,2,False,True,False,False,False
2003,Sri Lanka,Sri Lanka,RDP,Dispersed in the country / territory,V,U,0,0,0,0,0,0,0,0,0,0,0,0,0,0,76722,4,False,False,True,False,False
2003,Sri Lanka,Sri Lanka,RET,Dispersed in the country / territory,V,U,0,0,0,0,0,0,0,0,0,0,0,0,0,0,5025,3,False,False,False,False,True
2004,Afghanistan,Sri Lanka,REF,Colombo,U,U,0,0,7,0,0,0,7,0,0,8,0,0,0,8,15,1,False,False,False,True,False
2004,Iraq,Sri Lanka,REF,Colombo,U,U,0,7,0,0,0,0,7,0,0,0,5,0,0,5,12,1,False,False,False,True,False
2004,Sri Lanka,Sri Lanka,IDP,Ampara,U,U,125,276,237,1207,149,0,1994,130,290,248,1126,153,0,1947,3941,2,False,True,False,False,False
2004,Sri Lanka,Sri Lanka,IDP,Anuradhapura,C,U,204,394,338,1373,118,0,2427,207,404,347,1307,124,0,2389,4816,2,False,True,False,False,False
2004,Sri Lanka,Sri Lanka,IDP,Anuradhapura,U,U,182,401,345,1759,217,0,2904,190,421,361,1643,224,0,2839,5743,2,False,True,False,False,False
2004,Sri Lanka,Sri Lanka,IDP,Badulla,U,U,8,17,14,73,9,0,121,8,18,15,68,9,0,118,239,2,False,True,False,False,False
2004,Sri Lanka,Sri Lanka,IDP,Batticaloa,U,U,648,1429,1225,6259,770,0,10331,673,1499,1285,5841,794,0,10092,20423,2,False,True,False,False,False
2004,Sri Lanka,Sri Lanka,IDP,Colombo,C,U,15,28,24,98,8,0,173,15,29,25,93,9,0,171,344,2,False,True,False,False,False
2004,Sri Lanka,Sri Lanka,IDP,Colombo,U,U,75,165,142,723,89,0,1194,78,173,149,673,92,0,1165,2359,2,False,True,False,False,False
2004,Sri Lanka,Sri Lanka,IDP,Galle,U,U,18,40,34,174,21,0,287,19,42,36,162,22,0,281,568,2,False,True,False,False,False
2004,Sri Lanka,Sri Lanka,IDP,Gampaha,U,U,65,143,122,624,77,0,1031,67,150,128,581,79,0,1005,2036,2,False,True,False,False,False
2004,Sri Lanka,Sri Lanka,IDP,Hambantota,U,U,5,7,5,32,5,0,54,5,7,7,30,5,0,54,108,2,False,True,False,False,False
2004,Sri Lanka,Sri Lanka,IDP,Jaffna,C,U,373,723,619,2518,217,0,4450,379,743,636,2391,228,0,4377,8827,2,False,True,False,False,False
2004,Sri Lanka,Sri Lanka,IDP,Jaffna,U,U,1741,3841,3292,16820,2069,0,27763,1809,4029,3453,15698,2134,0,27123,54886,2,False,True,False,False,False
2004,Sri Lanka,Sri Lanka,IDP,Kalutara,U,U,27,59,50,258,32,0,426,28,62,53,239,33,0,415,841,2,False,True,False,False,False
2004,Sri Lanka,Sri Lanka,IDP,Kandy,U,U,0,0,0,7,0,0,7,0,0,0,6,0,0,6,13,2,False,True,False,False,False
2004,Sri Lanka,Sri Lanka,IDP,Kegalle,U,U,0,6,0,15,0,0,21,0,0,7,13,0,0,20,41,2,False,True,False,False,False
2004,Sri Lanka,Sri Lanka,IDP,Kilinochchi,C,U,308,595,510,2074,179,0,3666,313,612,524,1969,188,0,3606,7272,2,False,True,False,False,False
2004,Sri Lanka,Sri Lanka,IDP,Kilinochchi,U,U,625,1380,1183,6046,744,0,9978,650,1448,1241,5640,767,0,9746,19724,2,False,True,False,False,False
2004,Sri Lanka,Sri Lanka,IDP,Kurunegala,C,U,26,50,43,174,15,0,308,26,52,44,165,16,0,303,611,2,False,True,False,False,False
2004,Sri Lanka,Sri Lanka,IDP,Kurunegala,U,U,79,175,150,766,94,0,1264,83,184,157,715,97,0,1236,2500,2,False,True,False,False,False
2004,Sri Lanka,Sri Lanka,IDP,Mannar,C,U,147,285,244,990,85,0,1751,150,292,251,940,90,0,1723,3474,2,False,True,False,False,False
2004,Sri Lanka,Sri Lanka,IDP,Mannar,U,U,849,1873,1606,8205,1010,0,13543,883,1965,1685,7655,1041,0,13229,26772,2,False,True,False,False,False
2004,Sri Lanka,Sri Lanka,IDP,Matale,U,U,87,192,165,839,103,0,1386,90,201,173,782,107,0,1353,2739,2,False,True,False,False,False
2004,Sri Lanka,Sri Lanka,IDP,Matara,U,U,39,87,74,378,47,0,625,41,91,78,353,48,0,611,1236,2,False,True,False,False,False
2004,Sri Lanka,Sri Lanka,IDP,Mullaitivu,C,U,126,243,209,847,73,0,1498,128,250,215,803,77,0,1473,2971,2,False,True,False,False,False
2004,Sri Lanka,Sri Lanka,IDP,Mullaitivu,U,U,1758,3881,3327,16998,2091,0,28055,1828,4071,3490,15862,2157,0,27408,55463,2,False,True,False,False,False
2004,Sri Lanka,Sri Lanka,IDP,Polonnaruwa,C,U,11,22,18,75,6,0,132,11,22,19,70,7,0,129,261,2,False,True,False,False,False
2004,Sri Lanka,Sri Lanka,IDP,Polonnaruwa,U,U,81,179,153,781,96,0,1290,84,187,161,729,99,0,1260,2550,2,False,True,False,False,False
2004,Sri Lanka,Sri Lanka,IDP,Puttalam,C,U,1372,2657,2277,9257,797,0,16360,1396,2730,2340,8792,838,0,16096,32456,2,False,True,False,False,False
2004,Sri Lanka,Sri Lanka,IDP,Puttalam,U,U,927,2045,1753,8956,1101,0,14782,964,2145,1838,8356,1136,0,14439,29221,2,False,True,False,False,False
2004,Sri Lanka,Sri Lanka,IDP,Ratnapura,U,U,5,9,8,42,5,0,69,5,10,9,40,5,0,69,138,2,False,True,False,False,False
2004,Sri Lanka,Sri Lanka,IDP,Trincomalee,C,U,101,196,168,682,59,0,1206,103,201,173,647,62,0,1186,2392,2,False,True,False,False,False
2004,Sri Lanka,Sri Lanka,IDP,Trincomalee,U,U,544,1201,1030,5260,647,0,8682,566,1260,1079,4910,667,0,8482,17164,2,False,True,False,False,False
2004,Sri Lanka,Sri Lanka,IDP,Vavuniya,C,U,391,759,650,2643,228,0,4671,398,780,668,2510,240,0,4596,9267,2,False,True,False,False,False
2004,Sri Lanka,Sri Lanka,IDP,Vavuniya,U,U,967,2134,1828,9344,1149,0,15422,1005,2238,1918,8720,1185,0,15066,30488,2,False,True,False,False,False
2004,Sri Lanka,Sri Lanka,RDP,Dispersed in the country / territory,V,U,0,0,0,0,0,0,0,0,0,0,0,0,0,0,34220,4,False,False,True,False,False
2004,Sri Lanka,Sri Lanka,RET,Dispersed in the country / territory,V,U,0,0,0,0,0,0,0,0,0,0,0,0,0,0,10032,3,False,False,False,False,True
2004,Maldives,Sri Lanka,ASY,Colombo,U,U,0,0,0,0,0,0,0,0,0,0,5,0,0,5,5,0,True,False,False,False,False
2004,Pakistan,Sri Lanka,ASY,Colombo,U,U,0,0,8,12,0,0,20,0,5,0,18,0,0,23,43,0,True,False,False,False,False
2004,Pakistan,Sri Lanka,REF,Colombo,U,U,9,0,0,8,0,0,17,0,0,8,8,0,0,16,33,1,False,False,False,True,False
2005,Afghanistan,Sri Lanka,REF,Colombo,U,U,0,0,0,5,0,0,5,0,0,0,0,0,0,0,5,1,False,False,False,True,False
2005,Iraq,Sri Lanka,REF,Colombo,U,U,0,0,5,5,0,0,10,0,0,0,6,0,0,6,16,1,False,False,False,True,False
2005,Sri Lanka,Sri Lanka,IDP,Ampara,U,U,125,276,236,1205,148,0,1990,130,289,248,1126,153,0,1946,3936,2,False,True,False,False,False
2005,Sri Lanka,Sri Lanka,IDP,Anuradhapura,C,U,177,342,294,1193,103,0,2109,180,352,302,1134,108,0,2076,4185,2,False,True,False,False,False
2005,Sri Lanka,Sri Lanka,IDP,Anuradhapura,U,U,167,368,316,1612,199,0,2662,174,387,331,1506,205,0,2603,5265,2,False,True,False,False,False
2005,Sri Lanka,Sri Lanka,IDP,Badulla,U,U,8,17,14,73,9,0,121,8,18,15,68,9,0,118,239,2,False,True,False,False,False
2005,Sri Lanka,Sri Lanka,IDP,Batticaloa,U,U,645,1424,1220,6234,767,0,10290,671,1493,1280,5818,791,0,10053,20343,2,False,True,False,False,False
2005,Sri Lanka,Sri Lanka,IDP,Colombo,C,U,15,28,24,98,8,0,173,15,29,25,93,9,0,171,344,2,False,True,False,False,False
2005,Sri Lanka,Sri Lanka,IDP,Colombo,U,U,65,144,123,630,77,0,1039,68,151,129,587,80,0,1015,2054,2,False,True,False,False,False
2005,Sri Lanka,Sri Lanka,IDP,Galle,U,U,18,40,34,174,21,0,287,19,42,36,163,22,0,282,569,2,False,True,False,False,False
2005,Sri Lanka,Sri Lanka,IDP,Gampaha,U,U,61,135,116,593,73,0,978,64,142,122,553,75,0,956,1934,2,False,True,False,False,False
2005,Sri Lanka,Sri Lanka,IDP,Jaffna,C,U,349,675,578,2350,202,0,4154,354,693,594,2234,213,0,4088,8242,2,False,True,False,False,False
2005,Sri Lanka,Sri Lanka,IDP,Jaffna,U,U,1693,3736,3203,16359,2013,0,27004,1760,3919,3359,15268,2076,0,26382,53386,2,False,True,False,False,False
2005,Sri Lanka,Sri Lanka,IDP,Kalutara,U,U,27,59,50,257,32,0,425,28,62,53,241,33,0,417,842,2,False,True,False,False,False
2005,Sri Lanka,Sri Lanka,IDP,Kegalle,U,U,0,6,0,14,0,0,20,0,0,7,14,0,0,21,41,2,False,True,False,False,False
2005,Sri Lanka,Sri Lanka,IDP,Kilinochchi,C,U,308,596,511,2076,179,0,3670,313,613,525,1973,188,0,3612,7282,2,False,True,False,False,False
2005,Sri Lanka,Sri Lanka,IDP,Kilinochchi,U,U,247,545,468,2390,294,0,3944,257,572,491,2229,303,0,3852,7796,2,False,True,False,False,False
2005,Sri Lanka,Sri Lanka,IDP,Kurunegala,C,U,14,28,24,97,8,0,171,15,29,24,93,9,0,170,341,2,False,True,False,False,False
2005,Sri Lanka,Sri Lanka,IDP,Kurunegala,U,U,79,175,150,768,94,0,1266,83,184,157,716,97,0,1237,2503,2,False,True,False,False,False
2005,Sri Lanka,Sri Lanka,IDP,Mannar,C,U,118,229,197,798,69,0,1411,120,235,202,759,72,0,1388,2799,2,False,True,False,False,False
2005,Sri Lanka,Sri Lanka,IDP,Mannar,U,U,732,1616,1386,7079,871,0,11684,761,1696,1453,6606,898,0,11414,23098,2,False,True,False,False,False
2005,Sri Lanka,Sri Lanka,IDP,Matale,U,U,76,167,143,731,90,0,1207,79,176,150,683,93,0,1181,2388,2,False,True,False,False,False
2005,Sri Lanka,Sri Lanka,IDP,Matara,U,U,29,64,54,278,34,0,459,30,67,57,259,35,0,448,907,2,False,True,False,False,False
2005,Sri Lanka,Sri Lanka,IDP,Mullaitivu,C,U,97,187,161,652,56,0,1153,99,193,165,621,59,0,1137,2290,2,False,True,False,False,False
2005,Sri Lanka,Sri Lanka,IDP,Mullaitivu,U,U,1714,3782,3242,16560,2038,0,27336,1781,3967,3400,15455,2101,0,26704,54040,2,False,True,False,False,False
2005,Sri Lanka,Sri Lanka,IDP,Polonnaruwa,C,U,11,22,18,75,6,0,132,11,22,19,70,7,0,129,261,2,False,True,False,False,False
2005,Sri Lanka,Sri Lanka,IDP,Polonnaruwa,U,U,80,176,151,771,95,0,1273,83,185,158,719,98,0,1243,2516,2,False,True,False,False,False
2005,Sri Lanka,Sri Lanka,IDP,Puttalam,C,U,1374,2661,2280,9268,798,0,16381,1398,2734,2343,8806,839,0,16120,32501,2,False,True,False,False,False
2005,Sri Lanka,Sri Lanka,IDP,Puttalam,U,U,877,1936,1660,8481,1043,0,13997,912,2031,1741,7914,1076,0,13674,27671,2,False,True,False,False,False
2005,Sri Lanka,Sri Lanka,IDP,Ratnapura,U,U,5,9,8,43,5,0,70,5,10,9,39,5,0,68,138,2,False,True,False,False,False
2005,Sri Lanka,Sri Lanka,IDP,Trincomalee,C,U,101,196,168,683,59,0,1207,103,201,173,649,62,0,1188,2395,2,False,True,False,False,False
2005,Sri Lanka,Sri Lanka,IDP,Trincomalee,U,U,530,1169,1002,5119,630,0,8450,550,1226,1051,4776,649,0,8252,16702,2,False,True,False,False,False
2005,Sri Lanka,Sri Lanka,IDP,Vavuniya,C,U,309,598,513,2084,179,0,3683,314,615,527,1981,189,0,3626,7309,2,False,True,False,False,False
2005,Sri Lanka,Sri Lanka,IDP,Vavuniya,U,U,963,2126,1823,9311,1146,0,15369,1001,2230,1912,8689,1181,0,15013,30382,2,False,True,False,False,False
2005,Sri Lanka,Sri Lanka,RDP,Dispersed in the country / territory,V,U,0,0,0,0,0,0,0,0,0,0,0,0,0,0,27185,4,False,False,True,False,False
2005,Sri Lanka,Sri Lanka,RET,Dispersed in the country / territory,R,U,0,0,0,0,0,0,0,0,0,0,0,0,0,0,2700,3,False,False,False,False,True
2005,Pakistan,Sri Lanka,ASY,Colombo,U,U,0,6,6,24,0,0,36,5,6,6,64,0,0,81,117,0,True,False,False,False,False
2005,Pakistan,Sri Lanka,REF,Colombo,U,U,5,6,5,19,0,0,35,6,9,8,27,0,0,50,85,1,False,False,False,True,False
2006,Afghanistan,Sri Lanka,REF,Colombo,U,U,0,0,0,5,0,0,5,0,0,0,0,0,0,0,5,1,False,False,False,True,False
2006,India,Sri Lanka,ASY,Colombo,U,U,0,0,0,7,0,0,7,0,0,0,0,0,0,0,7,0,True,False,False,False,False
2006,Iraq,Sri Lanka,ASY,Colombo,U,U,0,0,0,0,0,0,0,0,0,0,7,0,0,7,7,0,True,False,False,False,False
2006,Iraq,Sri Lanka,REF,Colombo,U,U,0,5,0,5,0,0,10,0,0,0,6,0,0,6,16,1,False,False,False,True,False
2006,Sri Lanka,Sri Lanka,IDP,Ampara,V,U,0,0,0,0,0,3060,3060,0,0,0,0,0,2940,2940,6000,2,False,True,False,False,False
2006,Sri Lanka,Sri Lanka,IDP,Anuradhapura,V,U,0,0,0,0,0,5100,5100,0,0,0,0,0,4900,4900,10000,2,False,True,False,False,False
2006,Sri Lanka,Sri Lanka,IDP,Batticaloa,V,U,0,0,0,0,0,45900,45900,0,0,0,0,0,44100,44100,90000,2,False,True,False,False,False
2006,Sri Lanka,Sri Lanka,IDP,Colombo,U,U,0,0,0,0,0,1223,1223,0,0,0,0,0,1175,1175,2398,2,False,True,False,False,False
2006,Sri Lanka,Sri Lanka,IDP,Dispersed in the country / territory,V,U,0,0,0,0,0,2613,2613,0,0,0,0,0,2511,2511,5124,2,False,True,False,False,False
2006,Sri Lanka,Sri Lanka,IDP,Gampaha,V,U,0,0,0,0,0,986,986,0,0,0,0,0,948,948,1934,2,False,True,False,False,False
2006,Sri Lanka,Sri Lanka,IDP,Jaffna,V,U,0,0,0,0,0,43860,43860,0,0,0,0,0,42140,42140,86000,2,False,True,False,False,False
2006,Sri Lanka,Sri Lanka,IDP,Kilinochchi,V,U,0,0,0,0,0,26520,26520,0,0,0,0,0,25480,25480,52000,2,False,True,False,False,False
2006,Sri Lanka,Sri Lanka,IDP,Kurunegala,V,U,0,0,0,0,0,1495,1495,0,0,0,0,0,1437,1437,2932,2,False,True,False,False,False
2006,Sri Lanka,Sri Lanka,IDP,Mannar,V,U,0,0,0,0,0,14280,14280,0,0,0,0,0,13720,13720,28000,2,False,True,False,False,False
2006,Sri Lanka,Sri Lanka,IDP,Mullaitivu,V,U,0,0,0,0,0,40800,40800,0,0,0,0,0,39200,39200,80000,2,False,True,False,False,False
2006,Sri Lanka,Sri Lanka,IDP,Polonnaruwa,V,U,0,0,0,0,0,1416,1416,0,0,0,0,0,1361,1361,2777,2,False,True,False,False,False
2006,Sri Lanka,Sri Lanka,IDP,Puttalam,V,U,0,0,0,0,0,31620,31620,0,0,0,0,0,30380,30380,62000,2,False,True,False,False,False
2006,Sri Lanka,Sri Lanka,IDP,Trincomalee,V,U,0,0,0,0,0,4080,4080,0,0,0,0,0,3920,3920,8000,2,False,True,False,False,False
2006,Sri Lanka,Sri Lanka,IDP,Vavuniya,V,U,0,0,0,0,0,16320,16320,0,0,0,0,0,15680,15680,32000,2,False,True,False,False,False
2006,Sri Lanka,Sri Lanka,RDP,Ampara,V,U,0,0,0,0,0,25308,25308,0,0,0,0,0,24315,24315,49623,4,False,False,True,False,False
2006,Sri Lanka,Sri Lanka,RDP,Anuradhapura,V,U,0,0,0,0,0,1131,1131,0,0,0,0,0,1086,1086,2217,4,False,False,True,False,False
2006,Sri Lanka,Sri Lanka,RDP,Gampaha,V,U,0,0,0,0,0,172,172,0,0,0,0,0,166,166,338,4,False,False,True,False,False
2006,Sri Lanka,Sri Lanka,RDP,Jaffna,V,U,0,0,0,0,0,10488,10488,0,0,0,0,0,10076,10076,20564,4,False,False,True,False,False
2006,Sri Lanka,Sri Lanka,RDP,Kilinochchi,V,U,0,0,0,0,0,2691,2691,0,0,0,0,0,2586,2586,5277,4,False,False,True,False,False
2006,Sri Lanka,Sri Lanka,RDP,Kurunegala,V,U,0,0,0,0,0,341,341,0,0,0,0,0,328,328,669,4,False,False,True,False,False
2006,Sri Lanka,Sri Lanka,RDP,Mannar,V,U,0,0,0,0,0,1294,1294,0,0,0,0,0,1244,1244,2538,4,False,False,True,False,False
2006,Sri Lanka,Sri Lanka,RDP,Mullaitivu,V,U,0,0,0,0,0,456,456,0,0,0,0,0,439,439,895,4,False,False,True,False,False
2006,Sri Lanka,Sri Lanka,RDP,Puttalam,V,U,0,0,0,0,0,218,218,0,0,0,0,0,210,210,428,4,False,False,True,False,False
2006,Sri Lanka,Sri Lanka,RDP,Vavuniya,V,U,0,0,0,0,0,3497,3497,0,0,0,0,0,3359,3359,6856,4,False,False,True,False,False
2006,Sri Lanka,Sri Lanka,RET,Colombo,U,U,0,0,0,0,0,0,0,0,0,0,8,0,0,8,8,3,False,False,False,False,True
2006,Sri Lanka,Sri Lanka,RET,Jaffna,V,U,0,0,0,0,0,19,19,0,0,0,0,0,19,19,38,3,False,False,False,False,True
2006,Sri Lanka,Sri Lanka,RET,Kilinochchi,V,U,0,0,0,0,0,25,25,0,0,0,0,0,24,24,49,3,False,False,False,False,True
2006,Sri Lanka,Sri Lanka,RET,Kurunegala,V,U,0,0,0,0,0,0,0,0,0,7,0,0,0,7,7,3,False,False,False,False,True
2006,Sri Lanka,Sri Lanka,RET,Mannar,V,U,0,0,0,0,0,32,32,0,0,0,0,0,31,31,63,3,False,False,False,False,True
2006,Sri Lanka,Sri Lanka,RET,Mullaitivu,V,U,0,0,0,0,0,11,11,0,0,0,0,0,10,10,21,3,False,False,False,False,True
2006,Sri Lanka,Sri Lanka,RET,Trincomalee,V,U,0,0,0,0,0,8,8,0,0,0,0,0,8,8,16,3,False,False,False,False,True
2006,Sri Lanka,Sri Lanka,RET,Vavuniya,V,U,0,0,0,7,0,83,90,5,0,0,0,0,79,84,174,3,False,False,False,False,True
2006,Pakistan,Sri Lanka,ASY,Colombo,U,U,7,10,5,24,0,0,46,5,5,5,55,0,0,70,116,0,True,False,False,False,False
2006,Pakistan,Sri Lanka,REF,Colombo,U,U,8,11,6,34,5,0,64,7,12,7,46,5,0,77,141,1,False,False,False,True,False
2007,Afghanistan,Sri Lanka,REF,Colombo,U,U,0,0,0,5,0,0,5,0,0,0,0,0,0,0,5,1,False,False,False,True,False
2007,State of Palestine,Sri Lanka,ASY,Colombo,U,U,0,0,0,6,0,0,6,9,0,0,0,0,0,9,15,0,True,False,False,False,False
2007,State of Palestine,Sri Lanka,REF,Colombo,U,U,0,0,0,0,0,0,0,0,0,0,7,0,0,7,7,1,False,False,False,True,False
2007,India,Sri Lanka,ASY,Colombo,U,U,0,0,0,6,0,0,6,0,0,0,0,0,0,0,6,0,True,False,False,False,False
2007,Iraq,Sri Lanka,REF,Colombo,U,U,0,6,0,0,0,0,6,0,0,0,5,0,0,5,11,1,False,False,False,True,False
2007,Sri Lanka,Sri Lanka,IDP,Ampara,C,U,0,0,0,0,0,44,44,0,0,0,0,0,43,43,87,2,False,True,False,False,False
2007,Sri Lanka,Sri Lanka,IDP,Ampara,V,U,0,0,0,0,0,2812,2812,0,0,0,0,0,2701,2701,5513,2,False,True,False,False,False
2007,Sri Lanka,Sri Lanka,IDP,Anuradhapura,C,U,0,0,0,0,0,666,666,0,0,0,0,0,679,679,1345,2,False,True,False,False,False
2007,Sri Lanka,Sri Lanka,IDP,Anuradhapura,V,U,0,0,0,0,0,4975,4975,0,0,0,0,0,4780,4780,9755,2,False,True,False,False,False
2007,Sri Lanka,Sri Lanka,IDP,Batticaloa,C,U,0,0,0,0,0,5121,5121,0,0,0,0,0,4920,4920,10041,2,False,True,False,False,False
2007,Sri Lanka,Sri Lanka,IDP,Batticaloa,V,U,0,0,0,0,0,13239,13239,0,0,0,0,0,12720,12720,25959,2,False,True,False,False,False
2007,Sri Lanka,Sri Lanka,IDP,Colombo,C,U,0,0,0,0,0,293,293,0,0,0,0,0,299,299,592,2,False,True,False,False,False
2007,Sri Lanka,Sri Lanka,IDP,Dispersed in the country / territory,V,U,0,0,0,0,0,7261,7261,0,0,0,0,0,6976,6976,14237,2,False,True,False,False,False
2007,Sri Lanka,Sri Lanka,IDP,Jaffna,C,U,0,0,0,0,0,5102,5102,0,0,0,0,0,5420,5420,10522,2,False,True,False,False,False
2007,Sri Lanka,Sri Lanka,IDP,Jaffna,V,U,0,0,0,0,0,40228,40228,0,0,0,0,0,38650,38650,78878,2,False,True,False,False,False
2007,Sri Lanka,Sri Lanka,IDP,Kilinochchi,C,U,0,0,0,0,0,5098,5098,0,0,0,0,0,4899,4899,9997,2,False,True,False,False,False
2007,Sri Lanka,Sri Lanka,IDP,Kilinochchi,V,U,0,0,0,0,0,25043,25043,0,0,0,0,0,24060,24060,49103,2,False,True,False,False,False
2007,Sri Lanka,Sri Lanka,IDP,Kurunegala,C,U,0,0,0,0,0,184,184,0,0,0,0,0,187,187,371,2,False,True,False,False,False
2007,Sri Lanka,Sri Lanka,IDP,Mannar,C,U,0,0,0,0,0,6229,6229,0,0,0,0,0,5985,5985,12214,2,False,True,False,False,False
2007,Sri Lanka,Sri Lanka,IDP,Mannar,V,U,0,0,0,0,0,14426,14426,0,0,0,0,0,13860,13860,28286,2,False,True,False,False,False
2007,Sri Lanka,Sri Lanka,IDP,Mullaitivu,C,U,0,0,0,0,0,1988,1988,0,0,0,0,0,1910,1910,3898,2,False,True,False,False,False
2007,Sri Lanka,Sri Lanka,IDP,Mullaitivu,V,U,0,0,0,0,0,42688,42688,0,0,0,0,0,41014,41014,83702,2,False,True,False,False,False
2007,Sri Lanka,Sri Lanka,IDP,Puttalam,C,U,3421,6007,3209,17152,1591,1178,32558,3569,6390,3196,17191,1419,1193,32958,65516,2,False,True,False,False,False
2007,Sri Lanka,Sri Lanka,IDP,Puttalam,V,U,0,0,0,0,0,274,274,0,0,0,0,0,277,277,551,2,False,True,False,False,False
2007,Sri Lanka,Sri Lanka,IDP,Trincomalee,C,U,0,0,0,0,0,2803,2803,0,0,0,0,0,2693,2693,5496,2,False,True,False,False,False
2007,Sri Lanka,Sri Lanka,IDP,Trincomalee,V,U,0,0,0,0,0,3317,3317,0,0,0,0,0,3187,3187,6504,2,False,True,False,False,False
2007,Sri Lanka,Sri Lanka,IDP,Vavuniya,C,U,0,0,0,0,0,2421,2421,0,0,0,0,0,2327,2327,4748,2,False,True,False,False,False
2007,Sri Lanka,Sri Lanka,IDP,Vavuniya,V,U,0,0,0,0,0,16448,16448,0,0,0,0,0,15804,15804,32252,2,False,True,False,False,False
2007,Sri Lanka,Sri Lanka,RDP,Ampara,V,U,0,0,0,0,0,0,0,0,0,0,0,0,0,0,6800,4,False,False,True,False,False
2007,Sri Lanka,Sri Lanka,RDP,Batticaloa,V,U,0,0,0,0,0,0,0,0,0,0,0,0,0,0,138000,4,False,False,True,False,False
2007,Sri Lanka,Sri Lanka,RDP,Jaffna,V,U,0,0,0,0,0,0,0,0,0,0,0,0,0,0,5600,4,False,False,True,False,False
2007,Sri Lanka,Sri Lanka,RDP,Mannar,V,U,0,0,0,0,0,0,0,0,0,0,0,0,0,0,7200,4,False,False,True,False,False
2007,Sri Lanka,Sri Lanka,RDP,Trincomalee,V,U,0,0,0,0,0,0,0,0,0,0,0,0,0,0,1000,4,False,False,True,False,False
2007,Sri Lanka,Sri Lanka,RET,Batticaloa,V,U,0,0,0,0,0,0,0,0,0,0,0,0,0,0,24,3,False,False,False,False,True
2007,Sri Lanka,Sri Lanka,RET,Dispersed in the country / territory,V,U,0,0,0,0,0,0,0,0,0,0,0,0,0,0,20,3,False,False,False,False,True
2007,Sri Lanka,Sri Lanka,RET,Jaffna,V,U,0,0,0,0,0,0,0,0,0,0,0,0,0,0,15,3,False,False,False,False,True
2007,Sri Lanka,Sri Lanka,RET,Mannar,V,U,0,0,0,0,0,0,0,0,0,0,0,0,0,0,316,3,False,False,False,False,True
2007,Sri Lanka,Sri Lanka,RET,Trincomalee,V,U,0,0,0,0,0,0,0,0,0,0,0,0,0,0,1459,3,False,False,False,False,True
2007,Sri Lanka,Sri Lanka,RET,Vavuniya,V,U,0,0,0,0,0,0,0,0,0,0,0,0,0,0,166,3,False,False,False,False,True
2007,Pakistan,Sri Lanka,ASY,Colombo,U,U,9,11,11,47,0,0,78,5,15,11,66,0,0,97,175,0,True,False,False,False,False
2007,Pakistan,Sri Lanka,REF,Colombo,U,U,13,15,8,38,5,0,79,6,17,9,50,0,0,82,161,1,False,False,False,True,False
2008,Afghanistan,Sri Lanka,ASY,Colombo,U,U,0,5,0,0,0,0,5,0,0,0,0,0,0,0,5,0,True,False,False,False,False
2008,Afghanistan,Sri Lanka,REF,Colombo,U,U,0,0,0,5,0,0,5,0,0,0,0,0,0,0,5,1,False,False,False,True,False
2008,State of Palestine,Sri Lanka,REF,Colombo,U,U,0,0,0,8,0,0,8,8,0,0,7,0,0,15,23,1,False,False,False,True,False
2008,Iraq,Sri Lanka,REF,Colombo,U,U,0,7,0,0,0,0,7,0,0,0,5,0,0,5,12,1,False,False,False,True,False
2008,Sri Lanka,Sri Lanka,IDP,Ampara,V,U,0,0,0,0,0,2610,2610,0,0,0,0,0,2590,2590,5200,2,False,True,False,False,False
2008,Sri Lanka,Sri Lanka,IDP,Anuradhapura,V,U,0,0,0,0,0,4870,4870,0,0,0,0,0,4830,4830,9700,2,False,True,False,False,False
2008,Sri Lanka,Sri Lanka,IDP,Batticaloa,V,U,0,0,0,0,0,7030,7030,0,0,0,0,0,6970,6970,14000,2,False,True,False,False,False
2008,Sri Lanka,Sri Lanka,IDP,Jaffna,V,U,0,0,0,0,0,43220,43220,0,0,0,0,0,42880,42880,86100,2,False,True,False,False,False
2008,Sri Lanka,Sri Lanka,IDP,Kilinochchi,V,U,0,0,0,0,0,62450,62450,0,0,0,0,0,61950,61950,124400,2,False,True,False,False,False
2008,Sri Lanka,Sri Lanka,IDP,Mannar,V,U,0,0,0,0,0,10740,10740,0,0,0,0,0,10660,10660,21400,2,False,True,False,False,False
2008,Sri Lanka,Sri Lanka,IDP,Mullaitivu,V,U,0,0,0,0,0,57180,57180,0,0,0,0,0,56720,56720,113900,2,False,True,False,False,False
2008,Sri Lanka,Sri Lanka,IDP,Other,V,U,0,0,0,0,0,7530,7530,0,0,0,0,0,7470,7470,15000,2,False,True,False,False,False
2008,Sri Lanka,Sri Lanka,IDP,Puttalam,V,U,0,0,0,0,0,34640,34640,0,0,0,0,0,34360,34360,69000,2,False,True,False,False,False
2008,Sri Lanka,Sri Lanka,IDP,Trincomalee,V,U,0,0,0,0,0,4170,4170,0,0,0,0,0,4130,4130,8300,2,False,True,False,False,False
2008,Sri Lanka,Sri Lanka,IDP,Vavuniya,V,U,0,0,0,0,0,18980,18980,0,0,0,0,0,18820,18820,37800,2,False,True,False,False,False
2008,Sri Lanka,Sri Lanka,RDP,Ampara,V,U,0,0,0,0,0,200,200,0,0,0,0,0,200,200,400,4,False,False,True,False,False
2008,Sri Lanka,Sri Lanka,RDP,Batticaloa,V,U,0,0,0,0,0,8380,8380,0,0,0,0,0,8320,8320,16700,4,False,False,True,False,False
2008,Sri Lanka,Sri Lanka,RDP,Trincomalee,V,U,0,0,0,0,0,1860,1860,0,0,0,0,0,1840,1840,3700,4,False,False,True,False,False
2008,Sri Lanka,Sri Lanka,RET,Dispersed in the country / territory,V,U,0,0,0,0,0,0,0,0,0,0,0,0,0,0,6,3,False,False,False,False,True
2008,Sri Lanka,Sri Lanka,RET,Mannar,V,U,0,0,0,0,0,0,0,0,0,0,0,0,0,0,78,3,False,False,False,False,True
2008,Sri Lanka,Sri Lanka,RET,Trincomalee,V,U,0,0,0,0,0,0,0,0,0,0,0,0,0,0,1531,3,False,False,False,False,True
2008,Sri Lanka,Sri Lanka,RET,Vavuniya,V,U,0,0,0,0,0,0,0,0,0,0,0,0,0,0,123,3,False,False,False,False,True
2008,Myanmar,Sri Lanka,REF,Colombo,U,U,0,0,0,0,0,0,0,0,0,9,46,0,0,55,55,1,False,False,False,True,False
2008,Pakistan,Sri Lanka,ASY,Colombo,U,U,19,24,25,106,5,0,179,22,33,29,114,7,0,205,384,0,True,False,False,False,False
2008,Pakistan,Sri Lanka,REF,Colombo,U,U,15,16,9,42,5,0,87,7,21,11,50,0,0,89,176,1,False,False,False,True,False
2009,Afghanistan,Sri Lanka,ASY,Dispersed in the country / territory,V,U,0,0,0,0,0,0,0,0,0,0,0,0,0,0,5,0,True,False,False,False,False
2009,State of Palestine,Sri Lanka,REF,Dispersed in the country / territory,V,U,0,0,0,0,0,0,0,0,0,0,0,0,0,0,21,1,False,False,False,True,False
2009,Iraq,Sri Lanka,REF,Dispersed in the country / territory,V,U,0,0,0,0,0,0,0,0,0,0,0,0,0,0,7,1,False,False,False,True,False
2009,Sri Lanka,Sri Lanka,IDP,Dispersed in the country / territory,V,U,0,0,0,0,0,0,0,0,0,0,0,0,0,0,434900,2,False,True,False,False,False
2009,Sri Lanka,Sri Lanka,RDP,Dispersed in the country / territory,V,U,0,0,0,0,0,0,0,0,0,0,0,0,0,0,94600,4,False,False,True,False,False
2009,Sri Lanka,Sri Lanka,RET,Dispersed in the country / territory,V,U,0,0,0,0,0,0,0,0,0,0,0,0,0,0,1488,3,False,False,False,False,True
2009,Myanmar,Sri Lanka,REF,Dispersed in the country / territory,V,U,0,0,0,0,0,0,0,0,0,0,0,0,0,0,56,1,False,False,False,True,False
2009,Pakistan,Sri Lanka,ASY,Dispersed in the country / territory,V,U,0,0,0,0,0,0,0,0,0,0,0,0,0,0,333,0,True,False,False,False,False
2009,Pakistan,Sri Lanka,REF,Dispersed in the country / territory,V,U,0,0,0,0,0,0,0,0,0,0,0,0,0,0,167,1,False,False,False,True,False
2010,State of Palestine,Sri Lanka,REF,Colombo : Division,U,U,0,0,0,0,0,0,0,0,5,0,0,0,0,5,5,1,False,False,False,True,False
2010,Sri Lanka,Sri Lanka,IDP,Ampara : Division,V,U,0,0,0,0,0,1020,1020,0,0,0,0,0,980,980,2000,2,False,True,False,False,False
2010,Sri Lanka,Sri Lanka,IDP,Anuradhapura : Division,V,U,0,0,0,0,0,1713,1713,0,0,0,0,0,1647,1647,3360,2,False,True,False,False,False
2010,Sri Lanka,Sri Lanka,IDP,Batticaloa : Point,V,U,0,0,0,0,0,153,153,0,0,0,0,0,147,147,300,2,False,True,False,False,False
2010,Sri Lanka,Sri Lanka,IDP,Dispersed in the country / territory,V,U,0,0,0,0,0,5406,5406,0,0,0,0,0,5194,5194,10600,2,False,True,False,False,False
2010,Sri Lanka,Sri Lanka,IDP,Jaffna : Division,V,U,0,0,0,0,0,52614,52614,0,0,0,0,0,50551,50551,103165,2,False,True,False,False,False
2010,Sri Lanka,Sri Lanka,IDP,Kilinochchi : Division,V,U,0,0,0,0,0,635,635,0,0,0,0,0,612,612,1247,2,False,True,False,False,False
2010,Sri Lanka,Sri Lanka,IDP,Mannar : Division,V,U,0,0,0,0,0,4034,4034,0,0,0,0,0,3877,3877,7911,2,False,True,False,False,False
2010,Sri Lanka,Sri Lanka,IDP,Puttalam : Division,V,U,0,0,0,0,0,28254,28254,0,0,0,0,0,27146,27146,55400,2,False,True,False,False,False
2010,Sri Lanka,Sri Lanka,IDP,Trincomalee : Division,V,U,0,0,0,0,0,1944,1944,0,0,0,0,0,1868,1868,3812,2,False,True,False,False,False
2010,Sri Lanka,Sri Lanka,IDP,Vavuniya : Division,V,U,0,0,0,0,0,43847,43847,0,0,0,0,0,42130,42130,85977,2,False,True,False,False,False
2010,Sri Lanka,Sri Lanka,RDP,Ampara : Division,V,U,0,0,0,0,0,153,153,0,0,0,0,0,147,147,300,4,False,False,True,False,False
2010,Sri Lanka,Sri Lanka,RDP,Anuradhapura : Division,V,U,0,0,0,0,0,428,428,0,0,0,0,0,412,412,840,4,False,False,True,False,False
2010,Sri Lanka,Sri Lanka,RDP,Batticaloa : Point,V,U,0,0,0,0,0,1071,1071,0,0,0,0,0,1029,1029,2100,4,False,False,True,False,False
2010,Sri Lanka,Sri Lanka,RDP,Dispersed in the country / territory,V,U,0,0,0,0,0,1326,1326,0,0,0,0,0,1274,1274,2600,4,False,False,True,False,False
2010,Sri Lanka,Sri Lanka,RDP,Jaffna : Division,V,U,0,0,0,0,0,15317,15317,0,0,0,0,0,14718,14718,30035,4,False,False,True,False,False
2010,Sri Lanka,Sri Lanka,RDP,Mannar : Division,V,U,0,0,0,0,0,5247,5247,0,0,0,0,0,5042,5042,10289,4,False,False,True,False,False
2010,Sri Lanka,Sri Lanka,RDP,Puttalam : Division,V,U,0,0,0,0,0,7089,7089,0,0,0,0,0,6811,6811,13900,4,False,False,True,False,False
2010,Sri Lanka,Sri Lanka,RDP,Trincomalee : Division,V,U,0,0,0,0,0,1064,1064,0,0,0,0,0,1024,1024,2088,4,False,False,True,False,False
2010,Sri Lanka,Sri Lanka,RDP,Vavuniya : Division,V,U,0,0,0,0,0,50477,50477,0,0,0,0,0,48499,48499,98976,4,False,False,True,False,False
2010,Sri Lanka,Sri Lanka,RET,Dispersed in the country / territory,V,U,0,0,0,0,0,0,0,0,0,0,0,0,0,0,5061,3,False,False,False,False,True
2010,Myanmar,Sri Lanka,REF,Colombo : Division,U,U,0,0,0,0,0,0,0,0,0,0,55,0,0,55,55,1,False,False,False,True,False
2010,Pakistan,Sri Lanka,ASY,Gampaha : Division,U,U,7,12,5,35,0,0,59,8,12,10,45,0,0,75,134,0,True,False,False,False,False
2010,Pakistan,Sri Lanka,REF,Gampaha : Division,U,U,9,10,5,51,5,0,80,7,10,20,47,0,0,84,164,1,False,False,False,True,False
2011,Afghanistan,Sri Lanka,ASY,Colombo : Division,U,U,0,0,6,0,0,0,6,0,0,0,0,0,0,0,6,0,True,False,False,False,False
2011,Sri Lanka,Sri Lanka,IDP,Ampara : Division,V,U,0,0,0,0,0,0,0,0,0,0,0,0,0,0,2888,2,False,True,False,False,False
2011,Sri Lanka,Sri Lanka,IDP,Anuradhapura : Division,V,U,0,0,0,0,0,0,0,0,0,0,0,0,0,0,3360,2,False,True,False,False,False
2011,Sri Lanka,Sri Lanka,IDP,Batticaloa : Point,V,U,0,0,0,0,0,0,0,0,0,0,0,0,0,0,100,2,False,True,False,False,False
2011,Sri Lanka,Sri Lanka,IDP,Dispersed in the country / territory,V,U,0,0,0,0,0,0,0,0,0,0,0,0,0,0,10600,2,False,True,False,False,False
2011,Sri Lanka,Sri Lanka,IDP,Jaffna : Division,V,U,0,0,0,0,0,0,0,0,0,0,0,0,0,0,70746,2,False,True,False,False,False
2011,Sri Lanka,Sri Lanka,IDP,Kilinochchi : Division,V,U,0,0,0,0,0,0,0,0,0,0,0,0,0,0,564,2,False,True,False,False,False
2011,Sri Lanka,Sri Lanka,IDP,Mannar : Division,V,U,0,0,0,0,0,0,0,0,0,0,0,0,0,0,1168,2,False,True,False,False,False
2011,Sri Lanka,Sri Lanka,IDP,Mullaitivu,V,U,0,0,0,0,0,0,0,0,0,0,0,0,0,0,234,2,False,True,False,False,False
2011,Sri Lanka,Sri Lanka,IDP,Puttalam : Division,V,U,0,0,0,0,0,0,0,0,0,0,0,0,0,0,13000,2,False,True,False,False,False
2011,Sri Lanka,Sri Lanka,IDP,Trincomalee : Division,V,U,0,0,0,0,0,0,0,0,0,0,0,0,0,0,12125,2,False,True,False,False,False
2011,Sri Lanka,Sri Lanka,IDP,Vavuniya : Division,V,U,0,0,0,0,0,0,0,0,0,0,0,0,0,0,23616,2,False,True,False,False,False
2011,Sri Lanka,Sri Lanka,RDP,Jaffna : Division,V,U,0,0,0,0,0,0,0,0,0,0,0,0,0,0,50980,4,False,False,True,False,False
2011,Sri Lanka,Sri Lanka,RDP,Kilinochchi : Division,V,U,0,0,0,0,0,0,0,0,0,0,0,0,0,0,5360,4,False,False,True,False,False
2011,Sri Lanka,Sri Lanka,RDP,Mannar : Division,V,U,0,0,0,0,0,0,0,0,0,0,0,0,0,0,40100,4,False,False,True,False,False
2011,Sri Lanka,Sri Lanka,RDP,Mullaitivu,V,U,0,0,0,0,0,0,0,0,0,0,0,0,0,0,29780,4,False,False,True,False,False
2011,Sri Lanka,Sri Lanka,RDP,Trincomalee : Division,V,U,0,0,0,0,0,0,0,0,0,0,0,0,0,0,3437,4,False,False,True,False,False
2011,Sri Lanka,Sri Lanka,RDP,Vavuniya : Division,V,U,0,0,0,0,0,0,0,0,0,0,0,0,0,0,14920,4,False,False,True,False,False
2011,Sri Lanka,Sri Lanka,RET,Ampara : Division,V,U,0,0,0,0,0,0,0,0,0,0,5,0,0,5,5,3,False,False,False,False,True
2011,Sri Lanka,Sri Lanka,RET,Batticaloa : Point,V,U,0,0,0,0,0,0,0,0,0,0,9,0,0,9,9,3,False,False,False,False,True
2011,Sri Lanka,Sri Lanka,RET,Colombo : Division,V,U,0,0,0,8,0,0,8,0,0,0,11,0,0,11,19,3,False,False,False,False,True
2011,Sri Lanka,Sri Lanka,RET,Dispersed in the country / territory,V,U,0,0,0,0,0,0,0,0,0,0,0,0,0,0,5,3,False,False,False,False,True
2011,Sri Lanka,Sri Lanka,RET,Jaffna : Division,V,U,5,12,12,54,11,0,94,7,19,18,60,5,0,109,203,3,False,False,False,False,True
2011,Sri Lanka,Sri Lanka,RET,Jaffna : Division,V,U,0,0,0,0,0,0,0,0,0,0,0,0,0,0,169,3,False,False,False,False,True
2011,Sri Lanka,Sri Lanka,RET,Kandy,V,U,0,0,0,8,0,0,8,0,0,0,0,0,0,0,8,3,False,False,False,False,True
2011,Sri Lanka,Sri Lanka,RET,Kilinochchi : Division,V,U,0,5,7,11,5,0,28,0,5,5,11,5,0,26,54,3,False,False,False,False,True
2011,Sri Lanka,Sri Lanka,RET,Kilinochchi : Division,V,U,0,0,0,0,0,0,0,0,0,0,0,0,0,0,40,3,False,False,False,False,True
2011,Sri Lanka,Sri Lanka,RET,Mannar : Division,V,U,19,33,38,117,6,0,213,31,39,32,124,10,0,236,449,3,False,False,False,False,True
2011,Sri Lanka,Sri Lanka,RET,Mannar : Division,V,U,0,0,0,0,0,0,0,0,0,0,0,0,0,0,125,3,False,False,False,False,True
2011,Sri Lanka,Sri Lanka,RET,Mullaitivu,V,U,0,0,0,0,0,0,0,0,0,0,0,0,0,0,6,3,False,False,False,False,True
2011,Sri Lanka,Sri Lanka,RET,Trincomalee : Division,V,U,36,37,38,172,15,0,298,30,57,34,171,11,0,303,601,3,False,False,False,False,True
2011,Sri Lanka,Sri Lanka,RET,Trincomalee : Division,V,U,0,0,0,0,0,0,0,0,0,0,0,0,0,0,77,3,False,False,False,False,True
2011,Sri Lanka,Sri Lanka,RET,Vavuniya : Division,V,U,20,33,17,113,21,0,204,15,33,21,93,8,0,170,374,3,False,False,False,False,True
2011,Sri Lanka,Sri Lanka,RET,Vavuniya : Division,V,U,0,0,0,0,0,0,0,0,0,0,0,0,0,0,216,3,False,False,False,False,True
2011,Myanmar,Sri Lanka,REF,Colombo : Division,U,U,0,0,0,0,0,0,0,0,0,0,54,0,0,54,54,1,False,False,False,True,False
2011,Pakistan,Sri Lanka,ASY,Colombo : Division,U,U,5,5,5,13,5,0,33,0,6,6,25,0,0,37,70,0,True,False,False,False,False
2011,Pakistan,Sri Lanka,ASY,Gampaha : Division,U,U,7,8,7,32,0,0,54,5,13,5,37,0,0,60,114,0,True,False,False,False,False
2011,Pakistan,Sri Lanka,ASY,Kalutara,U,U,0,0,0,8,0,0,8,0,0,0,0,0,0,0,8,0,True,False,False,False,False
2011,Pakistan,Sri Lanka,REF,Colombo : Division,U,U,0,0,0,14,0,0,14,0,5,5,15,0,0,25,39,1,False,False,False,True,False
2011,Pakistan,Sri Lanka,REF,Gampaha : Division,U,U,6,7,5,36,0,0,54,0,7,7,21,5,0,40,94,1,False,False,False,True,False
2012,Afghanistan,Sri Lanka,REF,Colombo : District,U,C,0,0,5,0,0,0,5,0,0,0,0,0,0,0,5,1,False,False,False,True,False
2012,Iran (Islamic Republic of),Sri Lanka,ASY,Gampaha : District,U,I,0,0,0,0,0,0,0,0,0,0,7,0,0,7,7,0,True,False,False,False,False
2012,Sri Lanka,Sri Lanka,IDP,Ampara : District,V,U,0,0,0,0,0,0,0,0,0,0,0,0,0,0,2313,2,False,True,False,False,False
2012,Sri Lanka,Sri Lanka,IDP,Anuradhapura : District,V,U,0,0,0,0,0,0,0,0,0,0,0,0,0,0,3360,2,False,True,False,False,False
2012,Sri Lanka,Sri Lanka,IDP,Dispersed in the country / territory,V,U,0,0,0,0,0,0,0,0,0,0,0,0,0,0,10600,2,False,True,False,False,False
2012,Sri Lanka,Sri Lanka,IDP,Jaffna : District,V,U,0,0,0,0,0,0,0,0,0,0,0,0,0,0,33806,2,False,True,False,False,False
2012,Sri Lanka,Sri Lanka,IDP,Kilinochchi : District,V,U,0,0,0,0,0,0,0,0,0,0,0,0,0,0,484,2,False,True,False,False,False
2012,Sri Lanka,Sri Lanka,IDP,Mannar : District,V,U,0,0,0,0,0,0,0,0,0,0,0,0,0,0,1062,2,False,True,False,False,False
2012,Sri Lanka,Sri Lanka,IDP,Mullaitivu : District,V,U,0,0,0,0,0,0,0,0,0,0,0,0,0,0,592,2,False,True,False,False,False
2012,Sri Lanka,Sri Lanka,IDP,Puttalam : District,V,U,0,0,0,0,0,0,0,0,0,0,0,0,0,0,13000,2,False,True,False,False,False
2012,Sri Lanka,Sri Lanka,IDP,Trincomalee : District,V,U,0,0,0,0,0,0,0,0,0,0,0,0,0,0,11552,2,False,True,False,False,False
2012,Sri Lanka,Sri Lanka,IDP,Vavuniya : District,V,U,0,0,0,0,0,0,0,0,0,0,0,0,0,0,16713,2,False,True,False,False,False
2012,Sri Lanka,Sri Lanka,RDP,Ampara : District,V,U,0,0,0,0,0,0,0,0,0,0,0,0,0,0,1340,4,False,False,True,False,False
2012,Sri Lanka,Sri Lanka,RDP,Batticaloa : District,V,U,0,0,0,0,0,0,0,0,0,0,0,0,0,0,180,4,False,False,True,False,False
2012,Sri Lanka,Sri Lanka,RDP,Jaffna : District,V,U,0,0,0,0,0,0,0,0,0,0,0,0,0,0,13040,4,False,False,True,False,False
2012,Sri Lanka,Sri Lanka,RDP,Kilinochchi : District,V,U,0,0,0,0,0,0,0,0,0,0,0,0,0,0,6650,4,False,False,True,False,False
2012,Sri Lanka,Sri Lanka,RDP,Mannar : District,V,U,0,0,0,0,0,0,0,0,0,0,0,0,0,0,1500,4,False,False,True,False,False
2012,Sri Lanka,Sri Lanka,RDP,Mullaitivu : District,V,U,0,0,0,0,0,0,0,0,0,0,0,0,0,0,17860,4,False,False,True,False,False
2012,Sri Lanka,Sri Lanka,RDP,Trincomalee : District,V,U,0,0,0,0,0,0,0,0,0,0,0,0,0,0,370,4,False,False,True,False,False
2012,Sri Lanka,Sri Lanka,RDP,Vavuniya : District,V,U,0,0,0,0,0,0,0,0,0,0,0,0,0,0,3670,4,False,False,True,False,False
2012,Sri Lanka,Sri Lanka,RET,Ampara : District,V,U,0,0,0,0,0,0,0,0,0,0,5,0,0,5,5,3,False,False,False,False,True
2012,Sri Lanka,Sri Lanka,RET,Batticaloa : District,V,U,0,0,5,0,0,0,5,0,0,5,0,0,0,5,10,3,False,False,False,False,True
2012,Sri Lanka,Sri Lanka,RET,Colombo : District,U,U,0,5,0,11,0,0,16,0,0,0,11,0,0,11,27,3,False,False,False,False,True
2012,Sri Lanka,Sri Lanka,RET,Dispersed in the country / territory,V,U,0,0,8,0,0,0,8,0,0,5,5,0,0,10,18,3,False,False,False,False,True
2012,Sri Lanka,Sri Lanka,RET,Jaffna : District,V,U,8,13,9,69,15,0,114,6,19,22,62,12,0,121,235,3,False,False,False,False,True
2012,Sri Lanka,Sri Lanka,RET,Kilinochchi : District,V,U,0,6,7,26,5,0,44,0,0,6,24,0,0,30,74,3,False,False,False,False,True
2012,Sri Lanka,Sri Lanka,RET,Mannar : District,V,U,11,33,19,105,15,0,183,10,32,22,124,15,0,203,386,3,False,False,False,False,True
2012,Sri Lanka,Sri Lanka,RET,Matale : District,V,U,0,0,0,0,0,0,0,9,0,0,0,0,0,9,9,3,False,False,False,False,True
2012,Sri Lanka,Sri Lanka,RET,Mullaitivu : District,V,U,0,0,0,5,0,0,5,0,0,0,5,0,0,5,10,3,False,False,False,False,True
2012,Sri Lanka,Sri Lanka,RET,Puttalam : District,V,U,0,0,0,0,0,0,0,0,5,0,0,0,0,5,5,3,False,False,False,False,True
2012,Sri Lanka,Sri Lanka,RET,Trincomalee : District,V,U,14,24,21,93,10,0,162,19,26,28,95,9,0,177,339,3,False,False,False,False,True
2012,Sri Lanka,Sri Lanka,RET,Vavuniya : District,V,U,13,24,16,90,30,0,173,9,27,18,109,22,0,185,358,3,False,False,False,False,True
2012,Maldives,Sri Lanka,ASY,Colombo : District,U,I,0,0,0,14,0,0,14,0,5,0,12,0,0,17,31,0,True,False,False,False,False
2012,Pakistan,Sri Lanka,ASY,Colombo : District,U,I,0,6,5,15,0,0,26,5,8,0,23,0,0,36,62,0,True,False,False,False,False
2012,Pakistan,Sri Lanka,ASY,Gampaha : District,U,I,7,15,11,39,0,0,72,13,6,9,55,0,0,83,155,0,True,False,False,False,False
2012,Pakistan,Sri Lanka,REF,Colombo : District,U,I,5,7,8,29,0,0,49,6,11,8,30,0,0,55,104,1,False,False,False,True,False
2013,Afghanistan,Sri Lanka,ASY,Colombo : District,U,I,7,0,0,5,0,0,12,0,5,0,6,0,0,11,23,0,True,False,False,False,False
2013,State of Palestine,Sri Lanka,ASY,Colombo : District,U,I,0,0,0,6,0,0,6,0,0,0,9,0,0,9,15,0,True,False,False,False,False
2013,Iran (Islamic Republic of),Sri Lanka,ASY,Gampaha : District,U,I,0,0,0,0,0,0,0,0,0,0,9,0,0,9,9,0,True,False,False,False,False
2013,Sri Lanka,Sri Lanka,IDP,Ampara : District,V,U,0,0,0,0,0,0,0,0,0,0,0,0,0,0,2313,2,False,True,False,False,False
2013,Sri Lanka,Sri Lanka,IDP,Anuradhapura : District,V,U,0,0,0,0,0,0,0,0,0,0,0,0,0,0,1623,2,False,True,False,False,False
2013,Sri Lanka,Sri Lanka,IDP,Jaffna : District,V,U,0,0,0,0,0,0,0,0,0,0,0,0,0,0,19743,2,False,True,False,False,False
2013,Sri Lanka,Sri Lanka,IDP,Kilinochchi : District,V,U,0,0,0,0,0,0,0,0,0,0,0,0,0,0,298,2,False,True,False,False,False
2013,Sri Lanka,Sri Lanka,IDP,Mannar : District,V,U,0,0,0,0,0,0,0,0,0,0,0,0,0,0,639,2,False,True,False,False,False
2013,Sri Lanka,Sri Lanka,IDP,Mullaitivu : District,V,U,0,0,0,0,0,0,0,0,0,0,0,0,0,0,996,2,False,True,False,False,False
2013,Sri Lanka,Sri Lanka,IDP,Puttalam : District,V,U,0,0,0,0,0,0,0,0,0,0,0,0,0,0,11008,2,False,True,False,False,False
2013,Sri Lanka,Sri Lanka,IDP,Trincomalee : District,V,U,0,0,0,0,0,0,0,0,0,0,0,0,0,0,3242,2,False,True,False,False,False
2013,Sri Lanka,Sri Lanka,IDP,Vavuniya : District,V,U,0,0,0,0,0,0,0,0,0,0,0,0,0,0,2329,2,False,True,False,False,False
2013,Sri Lanka,Sri Lanka,RDP,Anuradhapura : District,V,U,0,0,0,0,0,0,0,0,0,0,0,0,0,0,1737,4,False,False,True,False,False
2013,Sri Lanka,Sri Lanka,RDP,Jaffna : District,V,U,0,0,0,0,0,0,0,0,0,0,0,0,0,0,13901,4,False,False,True,False,False
2013,Sri Lanka,Sri Lanka,RDP,Kilinochchi : District,V,U,0,0,0,0,0,0,0,0,0,0,0,0,0,0,186,4,False,False,True,False,False
2013,Sri Lanka,Sri Lanka,RDP,Mannar : District,V,U,0,0,0,0,0,0,0,0,0,0,0,0,0,0,423,4,False,False,True,False,False
2013,Sri Lanka,Sri Lanka,RDP,Puttalam : District,V,U,0,0,0,0,0,0,0,0,0,0,0,0,0,0,1992,4,False,False,True,False,False
2013,Sri Lanka,Sri Lanka,RDP,Trincomalee : District,V,U,0,0,0,0,0,0,0,0,0,0,0,0,0,0,8310,4,False,False,True,False,False
2013,Sri Lanka,Sri Lanka,RDP,Vavuniya : District,V,U,0,0,0,0,0,0,0,0,0,0,0,0,0,0,14142,4,False,False,True,False,False
2013,Sri Lanka,Sri Lanka,RET,Dispersed in the country / territory,V,I,0,0,0,0,0,0,0,0,0,0,8,0,0,8,8,3,False,False,False,False,True
2013,Sri Lanka,Sri Lanka,RET,Dispersed in the country / territory,V,U,0,0,0,0,0,0,0,0,0,0,0,0,0,0,5,3,False,False,False,False,True
2013,Sri Lanka,Sri Lanka,RET,Jaffna : District,V,I,10,8,17,61,13,0,109,5,8,16,53,6,0,88,197,3,False,False,False,False,True
2013,Sri Lanka,Sri Lanka,RET,Kilinochchi : District,V,I,0,5,11,30,5,0,51,0,8,6,23,0,0,37,88,3,False,False,False,False,True
2013,Sri Lanka,Sri Lanka,RET,Mannar : District,V,I,7,13,13,59,9,0,101,13,15,13,75,5,0,121,222,3,False,False,False,False,True
2013,Sri Lanka,Sri Lanka,RET,Mullaitivu : District,V,I,0,12,5,40,5,0,62,0,5,6,20,0,0,31,93,3,False,False,False,False,True
2013,Sri Lanka,Sri Lanka,RET,Trincomalee : District,V,I,0,14,9,45,0,0,68,8,5,9,39,0,0,61,129,3,False,False,False,False,True
2013,Sri Lanka,Sri Lanka,RET,Vavuniya : District,V,I,5,9,5,45,13,0,77,6,13,10,60,5,0,94,171,3,False,False,False,False,True
2013,Maldives,Sri Lanka,ASY,Colombo : District,U,I,0,0,0,9,0,0,9,0,0,0,10,0,0,10,19,0,True,False,False,False,False
2013,Myanmar,Sri Lanka,ASY,Colombo : District,U,I,0,0,0,0,0,0,0,0,0,17,79,0,0,96,96,0,True,False,False,False,False
2013,Pakistan,Sri Lanka,ASY,Colombo : District,U,I,12,15,9,47,0,0,83,13,12,8,73,0,0,106,189,0,True,False,False,False,False
2013,Pakistan,Sri Lanka,ASY,Gampaha : District,U,I,79,97,51,301,14,0,542,85,78,53,475,8,0,699,1241,0,True,False,False,False,False
2013,Pakistan,Sri Lanka,ASY,Kandy : District,U,I,0,0,0,6,0,0,6,0,0,0,7,0,0,7,13,0,True,False,False,False,False
2013,Pakistan,Sri Lanka,REF,Colombo : District,U,I,0,6,0,8,0,0,14,0,5,5,10,0,0,20,34,1,False,False,False,True,False
2013,Pakistan,Sri Lanka,REF,Gampaha : District,U,I,5,8,9,30,0,0,52,5,9,9,34,0,0,57,109,1,False,False,False,True,False
2014,Afghanistan,Sri Lanka,ASY,Colombo : District,U,I,5,0,0,6,0,0,11,0,0,0,13,0,0,13,24,0,True,False,False,False,False
2014,Afghanistan,Sri Lanka,ASY,Gampaha : District,U,I,0,0,0,0,0,0,0,0,0,0,5,0,0,5,5,0,True,False,False,False,False
2014,Afghanistan,Sri Lanka,ASY,Kaluthara,U,I,0,6,0,8,0,0,14,6,5,0,34,0,0,45,59,0,True,False,False,False,False
2014,Afghanistan,Sri Lanka,REF,Colombo : District,U,I,0,0,7,6,0,0,13,0,0,8,0,0,0,8,21,1,False,False,False,True,False
2014,Afghanistan,Sri Lanka,REF,Kaluthara,U,I,5,0,0,0,0,0,5,0,0,0,8,0,0,8,13,1,False,False,False,True,False
2014,State of Palestine,Sri Lanka,REF,Colombo : District,U,I,0,0,0,6,0,0,6,0,9,0,0,0,0,9,15,1,False,False,False,True,False
2014,Iran (Islamic Republic of),Sri Lanka,ASY,Gampaha : District,U,I,5,0,0,0,0,0,5,0,0,0,0,0,0,0,5,0,True,False,False,False,False
2014,Iran (Islamic Republic of),Sri Lanka,REF,Gampaha : District,U,I,0,0,0,0,0,0,0,0,0,0,5,0,0,5,5,1,False,False,False,True,False
2014,Sri Lanka,Sri Lanka,IDP,Ampara : District,V,U,0,0,0,0,0,0,0,0,0,0,0,0,0,0,2127,2,False,True,False,False,False
2014,Sri Lanka,Sri Lanka,IDP,Batticaloa : District,R,U,0,0,0,0,0,0,0,0,0,0,0,0,0,0,1535,2,False,True,False,False,False
2014,Sri Lanka,Sri Lanka,IDP,Jaffna : District,V,U,0,0,0,0,0,0,0,0,0,0,0,0,0,0,19853,2,False,True,False,False,False
2014,Sri Lanka,Sri Lanka,IDP,Kilinochchi : District,V,U,0,0,0,0,0,0,0,0,0,0,0,0,0,0,298,2,False,True,False,False,False
2014,Sri Lanka,Sri Lanka,IDP,Mannar : District,V,U,0,0,0,0,0,0,0,0,0,0,0,0,0,0,512,2,False,True,False,False,False
2014,Sri Lanka,Sri Lanka,IDP,Mullaitivu : District,V,U,0,0,0,0,0,0,0,0,0,0,0,0,0,0,986,2,False,True,False,False,False
2014,Sri Lanka,Sri Lanka,IDP,Trincomalee : District,V,U,0,0,0,0,0,0,0,0,0,0,0,0,0,0,3207,2,False,True,False,False,False
2014,Sri Lanka,Sri Lanka,IDP,Vavuniya : District,V,U,0,0,0,0,0,0,0,0,0,0,0,0,0,0,2329,2,False,True,False,False,False
2014,Sri Lanka,Sri Lanka,RDP,Ampara : District,V,U,0,0,0,0,0,0,0,0,0,0,0,0,0,0,186,4,False,False,True,False,False
2014,Sri Lanka,Sri Lanka,RDP,Mannar : District,V,U,0,0,0,0,0,0,0,0,0,0,0,0,0,0,127,4,False,False,True,False,False
2014,Sri Lanka,Sri Lanka,RDP,Mullaitivu : District,V,U,0,0,0,0,0,0,0,0,0,0,0,0,0,0,10,4,False,False,True,False,False
2014,Sri Lanka,Sri Lanka,RDP,Trincomalee : District,V,U,0,0,0,0,0,0,0,0,0,0,0,0,0,0,35,4,False,False,True,False,False
2014,Sri Lanka,Sri Lanka,RET,Dispersed in the country / territory,V,I,0,0,0,0,0,0,0,0,0,0,6,0,0,6,6,3,False,False,False,False,True
2014,Sri Lanka,Sri Lanka,RET,Jaffna : District,V,U,5,0,8,37,8,0,58,0,0,5,30,8,0,43,101,3,False,False,False,False,True
2014,Sri Lanka,Sri Lanka,RET,Kilinochchi : District,V,U,0,5,7,24,0,0,36,0,7,0,15,0,0,22,58,3,False,False,False,False,True
2014,Sri Lanka,Sri Lanka,RET,Mannar : District,V,U,5,9,0,30,5,0,49,8,11,5,44,0,0,68,117,3,False,False,False,False,True
2014,Sri Lanka,Sri Lanka,RET,Mullaitivu : District,V,U,0,5,0,5,0,0,10,0,8,0,7,0,0,15,25,3,False,False,False,False,True
2014,Sri Lanka,Sri Lanka,RET,Trincomalee : District,V,U,5,8,5,25,5,0,48,0,9,5,31,0,0,45,93,3,False,False,False,False,True
2014,Sri Lanka,Sri Lanka,RET,Vavuniya : District,V,U,0,6,7,35,8,0,56,0,5,8,32,0,0,45,101,3,False,False,False,False,True
2014,Maldives,Sri Lanka,ASY,Gampaha : District,U,I,0,0,0,0,0,0,0,0,0,0,5,0,0,5,5,0,True,False,False,False,False
2014,Myanmar,Sri Lanka,ASY,Colombo : District,U,I,0,0,5,0,0,0,5,0,0,0,5,0,0,5,10,0,True,False,False,False,False
2014,Myanmar,Sri Lanka,REF,Colombo : District,U,I,0,0,0,0,0,0,0,0,0,0,77,0,0,77,77,1,False,False,False,True,False
2014,Pakistan,Sri Lanka,ASY,Colombo : District,U,I,0,7,7,14,0,0,28,5,5,5,17,0,0,32,60,0,True,False,False,False,False
2014,Pakistan,Sri Lanka,ASY,Gampaha : District,U,I,54,60,28,193,15,0,350,48,42,36,268,10,0,404,754,0,True,False,False,False,False
2014,Pakistan,Sri Lanka,ASY,Kaluthara,U,I,0,0,0,7,0,0,7,0,0,0,0,0,0,0,7,0,True,False,False,False,False
2014,Pakistan,Sri Lanka,ASY,Kandy : District,U,I,0,0,0,5,0,0,5,0,0,0,6,0,0,6,11,0,True,False,False,False,False
2014,Pakistan,Sri Lanka,REF,Colombo : District,U,I,0,6,5,17,0,0,28,0,7,0,19,0,0,26,54,1,False,False,False,True,False
2014,Pakistan,Sri Lanka,REF,Gampaha : District,U,I,20,28,17,88,5,0,158,22,28,21,84,5,0,160,318,1,False,False,False,True,False
2014,Syrian Arab Republic,Sri Lanka,ASY,Colombo : District,U,I,0,0,0,0,0,0,0,0,0,5,0,0,0,5,5,0,True,False,False,False,False
2014,Syrian Arab Republic,Sri Lanka,REF,Colombo : District,U,I,0,0,0,0,0,0,0,0,5,0,0,0,0,5,5,1,False,False,False,True,False
2015,Afghanistan,Sri Lanka,ASY,Colombo : District,U,I,0,0,5,11,0,0,16,5,0,0,13,0,0,18,34,0,True,False,False,False,False
2015,Afghanistan,Sri Lanka,ASY,Gampaha : District,U,I,0,5,7,12,0,0,24,5,5,7,27,0,0,44,68,0,True,False,False,False,False
2015,Afghanistan,Sri Lanka,ASY,Kaluthara,U,I,0,0,0,0,0,0,0,0,0,0,5,0,0,5,5,0,True,False,False,False,False
2015,Afghanistan,Sri Lanka,REF,Colombo : District,U,I,0,7,6,13,0,0,26,0,6,5,14,0,0,25,51,1,False,False,False,True,False
2015,Afghanistan,Sri Lanka,REF,Gampaha : District,U,I,0,8,0,0,0,0,8,0,5,0,20,0,0,25,33,1,False,False,False,True,False
2015,Afghanistan,Sri Lanka,REF,Kaluthara,U,I,0,0,0,9,0,0,9,5,0,5,21,0,0,31,40,1,False,False,False,True,False
2015,State of Palestine,Sri Lanka,ASY,Colombo : District,U,I,0,0,0,6,0,0,6,0,0,0,0,0,0,0,6,0,True,False,False,False,False
2015,State of Palestine,Sri Lanka,REF,Colombo : District,U,I,0,0,0,6,0,0,6,0,9,0,0,0,0,9,15,1,False,False,False,True,False
2015,Iran (Islamic Republic of),Sri Lanka,ASY,Colombo : District,U,I,0,0,0,6,0,0,6,0,0,0,0,0,0,0,6,0,True,False,False,False,False
2015,Iran (Islamic Republic of),Sri Lanka,REF,Gampaha : District,U,I,0,6,0,0,0,0,6,0,0,0,0,0,0,0,6,1,False,False,False,True,False
2015,Sri Lanka,Sri Lanka,IDP,Batticaloa : District,R,U,0,0,0,0,0,0,0,0,0,0,0,0,0,0,867,2,False,True,False,False,False
2015,Sri Lanka,Sri Lanka,IDP,Jaffna : District,V,U,0,0,0,0,0,0,0,0,0,0,0,0,0,0,36499,2,False,True,False,False,False
2015,Sri Lanka,Sri Lanka,IDP,Kilinochchi : District,V,U,0,0,0,0,0,0,0,0,0,0,0,0,0,0,2457,2,False,True,False,False,False
2015,Sri Lanka,Sri Lanka,IDP,Mannar : District,V,U,0,0,0,0,0,0,0,0,0,0,0,0,0,0,620,2,False,True,False,False,False
2015,Sri Lanka,Sri Lanka,IDP,Mullaitivu : District,V,U,0,0,0,0,0,0,0,0,0,0,0,0,0,0,273,2,False,True,False,False,False
2015,Sri Lanka,Sri Lanka,IDP,Trincomalee : District,V,U,0,0,0,0,0,0,0,0,0,0,0,0,0,0,3155,2,False,True,False,False,False
2015,Sri Lanka,Sri Lanka,IDP,Vavuniya : District,V,U,0,0,0,0,0,0,0,0,0,0,0,0,0,0,1063,2,False,True,False,False,False
2015,Sri Lanka,Sri Lanka,RDP,Jaffna : District,V,U,0,0,0,0,0,0,0,0,0,0,0,0,0,0,1857,4,False,False,True,False,False
2015,Sri Lanka,Sri Lanka,RDP,Kilinochchi : District,V,U,0,0,0,0,0,0,0,0,0,0,0,0,0,0,2423,4,False,False,True,False,False
2015,Sri Lanka,Sri Lanka,RDP,Mannar : District,V,U,0,0,0,0,0,0,0,0,0,0,0,0,0,0,620,4,False,False,True,False,False
2015,Sri Lanka,Sri Lanka,RDP,Mullaitivu : District,V,U,0,0,0,0,0,0,0,0,0,0,0,0,0,0,1541,4,False,False,True,False,False
2015,Sri Lanka,Sri Lanka,RDP,Trincomalee : District,V,U,0,0,0,0,0,0,0,0,0,0,0,0,0,0,1341,4,False,False,True,False,False
2015,Sri Lanka,Sri Lanka,RDP,Vavuniya : District,V,U,0,0,0,0,0,0,0,0,0,0,0,0,0,0,330,4,False,False,True,False,False
2015,Sri Lanka,Sri Lanka,RET,Dispersed in the country / territory,V,I,0,0,5,9,0,0,14,0,0,0,14,0,0,14,28,3,False,False,False,False,True
2015,Sri Lanka,Sri Lanka,RET,Dispersed in the country / territory,V,U,0,0,0,0,0,0,0,0,0,0,0,0,0,0,339,3,False,False,False,False,True
2015,Sri Lanka,Sri Lanka,RET,Jaffna : District,V,U,5,7,5,41,5,0,63,6,9,6,35,5,0,61,124,3,False,False,False,False,True
2015,Sri Lanka,Sri Lanka,RET,Kilinochchi : District,V,U,5,0,0,17,0,0,22,0,5,0,16,0,0,21,43,3,False,False,False,False,True
2015,Sri Lanka,Sri Lanka,RET,Mannar : District,V,U,0,12,5,36,8,0,61,5,10,5,35,6,0,61,122,3,False,False,False,False,True
2015,Sri Lanka,Sri Lanka,RET,Mullaitivu : District,V,U,0,7,0,10,0,0,17,6,0,0,7,0,0,13,30,3,False,False,False,False,True
2015,Sri Lanka,Sri Lanka,RET,Trincomalee : District,V,U,8,6,5,26,5,0,50,0,9,5,26,5,0,45,95,3,False,False,False,False,True
2015,Sri Lanka,Sri Lanka,RET,Vavuniya : District,V,U,0,0,7,26,0,0,33,0,6,6,28,0,0,40,73,3,False,False,False,False,True
2015,Myanmar,Sri Lanka,ASY,Colombo : District,U,I,0,0,0,0,0,0,0,0,0,0,5,0,0,5,5,0,True,False,False,False,False
2015,Pakistan,Sri Lanka,ASY,Colombo : District,U,I,0,0,6,11,0,0,17,0,9,0,10,0,0,19,36,0,True,False,False,False,False
2015,Pakistan,Sri Lanka,ASY,Gampaha : District,U,I,15,13,24,105,5,0,162,24,18,29,170,5,0,246,408,0,True,False,False,False,False
2015,Pakistan,Sri Lanka,ASY,Kaluthara,U,I,0,5,0,0,0,0,5,0,0,0,0,0,0,0,5,0,True,False,False,False,False
2015,Pakistan,Sri Lanka,ASY,Kandy : District,U,I,0,0,0,0,0,0,0,0,0,5,0,0,0,5,5,0,True,False,False,False,False
2015,Pakistan,Sri Lanka,REF,Colombo : District,U,I,0,15,8,17,5,0,45,6,7,0,25,0,0,38,83,1,False,False,False,True,False
2015,Pakistan,Sri Lanka,REF,Gampaha : District,U,I,32,49,17,154,6,0,258,34,49,26,168,8,0,285,543,1,False,False,False,True,False
2015,Pakistan,Sri Lanka,REF,Kegalle,U,U,0,0,0,0,0,0,0,0,0,0,5,0,0,5,5,1,False,False,False,True,False
2015,Syrian Arab Republic,Sri Lanka,ASY,Colombo : District,U,I,0,6,0,0,0,0,6,0,0,5,0,0,0,5,11,0,True,False,False,False,False
2015,Syrian Arab Republic,Sri Lanka,REF,Colombo : District,U,I,0,0,0,0,0,0,0,0,0,0,5,0,0,5,5,1,False,False,False,True,False
2015,Yemen,Sri Lanka,ASY,Gampaha : District,U,I,0,0,0,6,0,0,6,0,7,0,0,0,0,7,13,0,True,False,False,False,False
2016,Afghanistan,Sri Lanka,ASY,Colombo : District,U,I,0,0,5,7,0,0,12,5,0,0,12,0,0,17,29,0,True,False,False,False,False
2016,Afghanistan,Sri Lanka,ASY,Gampaha : District,U,I,5,6,0,12,0,0,23,7,0,6,26,0,0,39,62,0,True,False,False,False,False
2016,Afghanistan,Sri Lanka,ASY,Kaluthara,U,I,0,0,6,5,0,0,11,5,0,0,6,0,0,11,22,0,True,False,False,False,False
2016,Afghanistan,Sri Lanka,REF,Colombo : District,U,I,0,0,0,8,0,0,8,0,0,0,9,0,0,9,17,1,False,False,False,True,False
2016,Afghanistan,Sri Lanka,REF,Gampaha : District,U,I,0,5,6,8,0,0,19,0,7,11,13,0,0,31,50,1,False,False,False,True,False
2016,Afghanistan,Sri Lanka,REF,Kaluthara,U,I,0,0,0,0,0,0,0,0,0,8,0,0,0,8,8,1,False,False,False,True,False
2016,Bangladesh,Sri Lanka,REF,Gampaha : District,U,I,0,0,0,0,0,0,0,5,0,0,0,0,0,5,5,1,False,False,False,True,False
2016,Bangladesh,Sri Lanka,REF,Kaluthara,U,I,0,0,0,0,0,0,0,0,5,0,0,0,0,5,5,1,False,False,False,True,False
2016,State of Palestine,Sri Lanka,REF,Colombo : District,U,I,0,0,0,5,0,0,5,0,0,0,5,0,0,5,10,1,False,False,False,True,False
2016,Iran (Islamic Republic of),Sri Lanka,ASY,Gampaha : District,U,I,0,0,0,0,0,0,0,0,0,0,5,0,0,5,5,0,True,False,False,False,False
2016,Iran (Islamic Republic of),Sri Lanka,REF,Gampaha : District,U,I,0,0,0,7,0,0,7,0,0,0,0,0,0,0,7,1,False,False,False,True,False
2016,Sri Lanka,Sri Lanka,IDP,Batticaloa,V,U,0,0,0,0,0,0,0,0,0,0,0,0,0,0,867,2,False,True,False,False,False
2016,Sri Lanka,Sri Lanka,IDP,Jaffna : District,V,U,0,0,0,0,0,0,0,0,0,0,0,0,0,0,34704,2,False,True,False,False,False
2016,Sri Lanka,Sri Lanka,IDP,Kilinochchi : District,V,U,0,0,0,0,0,0,0,0,0,0,0,0,0,0,2358,2,False,True,False,False,False
2016,Sri Lanka,Sri Lanka,IDP,Mannar : District,V,U,0,0,0,0,0,0,0,0,0,0,0,0,0,0,620,2,False,True,False,False,False
2016,Sri Lanka,Sri Lanka,IDP,Mullaitivu : District,V,U,0,0,0,0,0,0,0,0,0,0,0,0,0,0,273,2,False,True,False,False,False
2016,Sri Lanka,Sri Lanka,IDP,Trincomalee : District,V,U,0,0,0,0,0,0,0,0,0,0,0,0,0,0,557,2,False,True,False,False,False
2016,Sri Lanka,Sri Lanka,IDP,Vavuniya : District,V,U,0,0,0,0,0,0,0,0,0,0,0,0,0,0,351,2,False,True,False,False,False
2016,Sri Lanka,Sri Lanka,RDP,Jaffna : District,V,U,0,0,0,0,0,0,0,0,0,0,0,0,0,0,10174,4,False,False,True,False,False
2016,Sri Lanka,Sri Lanka,RDP,Trincomalee : District,V,U,0,0,0,0,0,0,0,0,0,0,0,0,0,0,1619,4,False,False,True,False,False
2016,Sri Lanka,Sri Lanka,RDP,Vavuniya : District,V,U,0,0,0,0,0,0,0,0,0,0,0,0,0,0,652,4,False,False,True,False,False
2016,Sri Lanka,Sri Lanka,RET,Dispersed in the country / territory,V,I,0,0,0,15,0,0,15,0,0,0,9,0,0,9,24,3,False,False,False,False,True
2016,Sri Lanka,Sri Lanka,RET,Dispersed in the country / territory,V,U,0,0,0,0,0,0,0,0,0,0,0,0,0,0,153,3,False,False,False,False,True
2016,Sri Lanka,Sri Lanka,RET,Jaffna : District,V,I,6,12,12,66,16,0,112,5,9,11,55,15,0,95,207,3,False,False,False,False,True
2016,Sri Lanka,Sri Lanka,RET,Kilinochchi : District,V,I,0,5,5,27,0,0,37,0,6,5,21,5,0,37,74,3,False,False,False,False,True
2016,Sri Lanka,Sri Lanka,RET,Mannar : District,V,I,10,15,15,61,8,0,109,8,13,18,61,9,0,109,218,3,False,False,False,False,True
2016,Sri Lanka,Sri Lanka,RET,Mullaitivu : District,V,I,0,7,0,18,5,0,30,0,0,7,13,5,0,25,55,3,False,False,False,False,True
2016,Sri Lanka,Sri Lanka,RET,Trincomalee : District,V,I,15,11,6,52,5,0,89,5,20,13,54,8,0,100,189,3,False,False,False,False,True
2016,Sri Lanka,Sri Lanka,RET,Vavuniya : District,V,I,0,8,10,31,8,0,57,6,11,7,46,5,0,75,132,3,False,False,False,False,True
2016,Maldives,Sri Lanka,REF,Colombo : District,U,I,0,0,0,0,0,0,0,0,0,0,8,0,0,8,8,1,False,False,False,True,False
2016,Myanmar,Sri Lanka,REF,Colombo : District,U,I,0,0,0,0,0,0,0,0,0,0,5,0,0,5,5,1,False,False,False,True,False
2016,Pakistan,Sri Lanka,ASY,Colombo : District,U,I,9,0,0,12,0,0,21,0,5,0,17,0,0,22,43,0,True,False,False,False,False
2016,Pakistan,Sri Lanka,ASY,Gampaha : District,U,I,18,17,12,98,6,0,151,31,25,26,157,0,0,239,390,0,True,False,False,False,False
2016,Pakistan,Sri Lanka,ASY,Kandy : District,U,I,0,0,0,0,0,0,0,0,0,5,0,0,0,5,5,0,True,False,False,False,False
2016,Pakistan,Sri Lanka,REF,Colombo : District,U,I,0,5,5,20,0,0,30,0,7,0,14,0,0,21,51,1,False,False,False,True,False
2016,Pakistan,Sri Lanka,REF,Gampaha : District,U,I,21,31,23,115,8,0,198,21,33,18,148,10,0,230,428,1,False,False,False,True,False
2016,Syrian Arab Republic,Sri Lanka,ASY,Colombo : District,U,I,0,6,0,0,0,0,6,0,0,0,0,0,0,0,6,0,True,False,False,False,False
2016,Syrian Arab Republic,Sri Lanka,REF,Colombo : District,U,I,0,0,0,0,0,0,0,0,0,8,0,0,0,8,8,1,False,False,False,True,False
2016,Yemen,Sri Lanka,ASY,Gampaha : District,U,I,0,0,0,5,0,0,5,0,6,0,0,0,0,6,11,0,True,False,False,False,False
2017,Afghanistan,Sri Lanka,ASY,Colombo : District,U,I,0,0,0,0,0,0,0,0,0,0,6,0,0,6,6,0,True,False,False,False,False
2017,Afghanistan,Sri Lanka,ASY,Gampaha : District,U,I,8,0,0,9,0,0,17,0,6,0,10,0,0,16,33,0,True,False,False,False,False
2017,Afghanistan,Sri Lanka,ASY,Kaluthara,U,I,0,5,0,5,0,0,10,0,0,0,9,0,0,9,19,0,True,False,False,False,False
2017,Afghanistan,Sri Lanka,REF,Colombo : District,U,I,0,0,5,9,0,0,14,0,5,0,9,0,0,14,28,1,False,False,False,True,False
2017,Afghanistan,Sri Lanka,REF,Gampaha : District,U,I,7,7,0,18,0,0,32,6,7,6,45,0,0,64,96,1,False,False,False,True,False
2017,Afghanistan,Sri Lanka,REF,Kaluthara,U,I,0,0,0,0,0,0,0,0,0,0,9,0,0,9,9,1,False,False,False,True,False
2017,State of Palestine,Sri Lanka,REF,Colombo : District,U,I,0,0,0,0,0,0,0,0,5,0,5,0,0,10,10,1,False,False,False,True,False
2017,Iran (Islamic Republic of),Sri Lanka,ASY,Gampaha : District,U,I,0,0,0,6,0,0,6,0,0,0,5,0,0,5,11,0,True,False,False,False,False
2017,Iran (Islamic Republic of),Sri Lanka,REF,Gampaha : District,U,I,0,0,0,8,0,0,8,0,0,0,0,0,0,0,8,1,False,False,False,True,False
2017,Sri Lanka,Sri Lanka,IDP,Dispersed in the country / territory,V,I,0,0,0,0,0,0,0,0,0,0,0,0,0,0,867,2,False,True,False,False,False
2017,Sri Lanka,Sri Lanka,IDP,Jaffna : District,V,I,0,0,0,0,0,0,0,0,0,0,0,0,0,0,34099,2,False,True,False,False,False
2017,Sri Lanka,Sri Lanka,IDP,Kilinochchi : District,V,I,0,0,0,0,0,0,0,0,0,0,0,0,0,0,2358,2,False,True,False,False,False
2017,Sri Lanka,Sri Lanka,IDP,Mannar : District,V,I,0,0,0,0,0,0,0,0,0,0,0,0,0,0,620,2,False,True,False,False,False
2017,Sri Lanka,Sri Lanka,IDP,Mullaitivu : District,V,I,0,0,0,0,0,0,0,0,0,0,0,0,0,0,273,2,False,True,False,False,False
2017,Sri Lanka,Sri Lanka,IDP,Trincomalee : District,V,U,0,0,0,0,0,0,0,0,0,0,0,0,0,0,754,2,False,True,False,False,False
2017,Sri Lanka,Sri Lanka,IDP,Vavuniya : District,V,I,0,0,0,0,0,0,0,0,0,0,0,0,0,0,351,2,False,True,False,False,False
2017,Sri Lanka,Sri Lanka,RDP,Jaffna : District,V,I,0,0,0,0,0,0,0,0,0,0,0,0,0,0,408,4,False,False,True,False,False
2017,Sri Lanka,Sri Lanka,RET,Dispersed in the country / territory,V,I,0,0,9,13,5,0,27,6,0,5,14,5,0,30,57,3,False,False,False,False,True
2017,Sri Lanka,Sri Lanka,RET,Dispersed in the country / territory,V,U,0,0,0,0,0,0,0,0,0,0,0,0,0,0,7,3,False,False,False,False,True
2017,Sri Lanka,Sri Lanka,RET,Jaffna : District,V,I,8,21,11,135,36,0,211,11,13,19,94,33,0,170,381,3,False,False,False,False,True
2017,Sri Lanka,Sri Lanka,RET,Kilinochchi : District,V,I,0,6,6,25,7,0,44,0,9,9,30,9,0,57,101,3,False,False,False,False,True
2017,Sri Lanka,Sri Lanka,RET,Mannar : District,V,I,10,26,15,109,23,0,183,17,21,18,112,14,0,182,365,3,False,False,False,False,True
2017,Sri Lanka,Sri Lanka,RET,Mullaitivu : District,V,I,0,9,5,29,8,0,51,0,7,12,16,11,0,46,97,3,False,False,False,False,True
2017,Sri Lanka,Sri Lanka,RET,Trincomalee : District,V,I,5,18,11,95,16,0,145,8,20,18,98,18,0,162,307,3,False,False,False,False,True
2017,Sri Lanka,Sri Lanka,RET,Vavuniya : District,V,I,5,11,22,83,12,0,133,5,15,25,85,8,0,138,271,3,False,False,False,False,True
2017,Maldives,Sri Lanka,ASY,Colombo : District,U,I,0,0,0,0,0,0,0,0,0,0,0,5,0,5,5,0,True,False,False,False,False
2017,Maldives,Sri Lanka,REF,Colombo : District,U,I,0,0,0,0,0,0,0,0,0,0,8,0,0,8,8,1,False,False,False,True,False
2017,Myanmar,Sri Lanka,REF,Colombo : District,U,I,5,5,0,7,0,0,17,8,0,0,10,0,0,18,35,1,False,False,False,True,False
2017,Nepal,Sri Lanka,ASY,Gampaha : District,U,I,0,0,0,5,0,0,5,0,0,0,0,0,0,0,5,0,True,False,False,False,False
2017,Nigeria,Sri Lanka,ASY,Kaluthara,U,I,0,0,0,0,0,0,0,0,0,0,5,0,0,5,5,0,True,False,False,False,False
2017,Pakistan,Sri Lanka,ASY,Colombo : District,U,I,0,9,0,6,0,0,15,0,5,0,21,0,0,26,41,0,True,False,False,False,False
2017,Pakistan,Sri Lanka,ASY,Gampaha : District,U,I,24,36,13,112,7,0,192,31,35,26,198,8,0,298,490,0,True,False,False,False,False
2017,Pakistan,Sri Lanka,ASY,Kegalle,U,U,0,0,0,0,0,0,0,0,0,0,5,0,0,5,5,0,True,False,False,False,False
2017,Pakistan,Sri Lanka,REF,Colombo : District,U,I,0,9,0,21,0,0,30,0,6,0,15,0,0,21,51,1,False,False,False,True,False
2017,Pakistan,Sri Lanka,REF,Gampaha : District,U,I,25,31,22,144,10,0,232,32,35,22,220,8,0,317,549,1,False,False,False,True,False
2017,Syrian Arab Republic,Sri Lanka,REF,Colombo : District,U,I,0,8,0,0,0,0,8,0,0,6,0,0,0,6,14,1,False,False,False,True,False
2017,Yemen,Sri Lanka,ASY,Gampaha : District,U,I,0,0,9,0,0,0,9,0,0,0,0,0,0,0,9,0,True,False,False,False,False
2017,Yemen,Sri Lanka,REF,Gampaha : District,U,I,0,0,0,5,0,0,5,0,7,0,0,0,0,7,12,1,False,False,False,True,False
2018,Afghanistan,Sri Lanka,ASY,Colombo : District,U,I,0,0,0,0,0,0,0,0,6,0,0,0,0,6,6,0,True,False,False,False,False
2018,Afghanistan,Sri Lanka,ASY,Gampaha : District,U,I,5,0,0,7,0,0,12,0,6,0,10,0,0,16,28,0,True,False,False,False,False
2018,Afghanistan,Sri Lanka,REF,Colombo : District,U,I,0,0,7,12,0,0,19,0,9,0,14,0,0,23,42,1,False,False,False,True,False
2018,Afghanistan,Sri Lanka,REF,Gampaha : District,U,I,8,0,5,14,0,0,27,7,7,0,36,0,0,50,77,1,False,False,False,True,False
2018,Afghanistan,Sri Lanka,REF,Kalutara,U,I,0,7,0,5,0,0,12,0,5,0,10,0,0,15,27,1,False,False,False,True,False
2018,State of Palestine,Sri Lanka,REF,Colombo : District,U,I,0,0,0,0,0,0,0,0,0,0,9,0,0,9,9,1,False,False,False,True,False
2018,Iran (Islamic Republic of),Sri Lanka,ASY,Gampaha : District,U,I,0,0,0,5,0,0,5,0,0,0,7,0,0,7,12,0,True,False,False,False,False
2018,Iran (Islamic Republic of),Sri Lanka,REF,Colombo : District,U,I,0,5,0,0,0,0,5,0,0,0,0,0,0,0,5,1,False,False,False,True,False
2018,Iran (Islamic Republic of),Sri Lanka,REF,Gampaha : District,U,I,0,0,0,8,0,0,8,0,0,0,5,0,0,5,13,1,False,False,False,True,False
2018,Sri Lanka,Sri Lanka,IDP,Jaffna : District,V,U,0,0,0,0,0,0,0,0,0,0,0,0,0,0,33317,2,False,True,False,False,False
2018,Sri Lanka,Sri Lanka,IDP,Kilinochchi : District,V,U,0,0,0,0,0,0,0,0,0,0,0,0,0,0,1367,2,False,True,False,False,False
2018,Sri Lanka,Sri Lanka,IDP,Mullaitivu : District,V,U,0,0,0,0,0,0,0,0,0,0,0,0,0,0,188,2,False,True,False,False,False
2018,Sri Lanka,Sri Lanka,IDP,Trincomalee : District,V,U,0,0,0,0,0,0,0,0,0,0,0,0,0,0,557,2,False,True,False,False,False
2018,Sri Lanka,Sri Lanka,IDP,Vavuniya : District,V,U,0,0,0,0,0,0,0,0,0,0,0,0,0,0,44,2,False,True,False,False,False
2018,Sri Lanka,Sri Lanka,RDP,Batticaloa : District,V,U,0,0,0,0,0,0,0,0,0,0,0,0,0,0,867,4,False,False,True,False,False
2018,Sri Lanka,Sri Lanka,RDP,Jaffna : District,V,U,0,0,0,0,0,0,0,0,0,0,0,0,0,0,782,4,False,False,True,False,False
2018,Sri Lanka,Sri Lanka,RDP,Kilinochchi : District,V,U,0,0,0,0,0,0,0,0,0,0,0,0,0,0,991,4,False,False,True,False,False
2018,Sri Lanka,Sri Lanka,RDP,Mannar : District,V,U,0,0,0,0,0,0,0,0,0,0,0,0,0,0,620,4,False,False,True,False,False
2018,Sri Lanka,Sri Lanka,RDP,Mullaitivu : District,V,U,0,0,0,0,0,0,0,0,0,0,0,0,0,0,85,4,False,False,True,False,False
2018,Sri Lanka,Sri Lanka,RDP,Trincomalee : District,V,U,0,0,0,0,0,0,0,0,0,0,0,0,0,0,197,4,False,False,True,False,False
2018,Sri Lanka,Sri Lanka,RDP,Vavuniya : District,V,U,0,0,0,0,0,0,0,0,0,0,0,0,0,0,307,4,False,False,True,False,False
2018,Sri Lanka,Sri Lanka,RET,Dispersed in the country / territory,V,U,0,0,0,0,0,0,0,0,0,0,0,0,0,0,39,3,False,False,False,False,True
2018,Sri Lanka,Sri Lanka,RET,Jaffna : District,V,I,5,14,14,102,33,0,168,0,22,11,72,23,0,128,296,3,False,False,False,False,True
2018,Sri Lanka,Sri Lanka,RET,Kilinochchi : District,V,I,5,7,0,38,8,0,58,7,7,0,29,6,0,49,107,3,False,False,False,False,True
2018,Sri Lanka,Sri Lanka,RET,Mannar : District,V,I,7,15,13,75,29,0,139,5,21,9,87,23,0,145,284,3,False,False,False,False,True
2018,Sri Lanka,Sri Lanka,RET,Mullaitivu : District,V,I,0,5,0,19,8,0,32,0,0,5,18,6,0,29,61,3,False,False,False,False,True
2018,Sri Lanka,Sri Lanka,RET,Trincomalee : District,V,I,6,33,26,93,16,0,174,11,36,15,97,14,0,173,347,3,False,False,False,False,True
2018,Sri Lanka,Sri Lanka,RET,Vavuniya : District,V,I,7,25,9,75,19,0,135,8,21,20,91,12,0,152,287,3,False,False,False,False,True
2018,Maldives,Sri Lanka,ASY,Gampaha : District,U,I,0,0,0,0,0,0,0,0,0,0,5,0,0,5,5,0,True,False,False,False,False
2018,Maldives,Sri Lanka,REF,Colombo : District,U,I,0,0,0,0,0,0,0,0,0,0,0,6,0,6,6,1,False,False,False,True,False
2018,Myanmar,Sri Lanka,REF,Colombo : District,U,I,0,0,0,0,0,0,0,0,0,0,5,0,0,5,5,1,False,False,False,True,False
2018,Myanmar,Sri Lanka,REF,Gampaha : District,U,I,6,0,0,0,0,0,6,0,8,0,0,0,0,8,14,1,False,False,False,True,False
2018,Myanmar,Sri Lanka,REF,Kalutara,U,I,0,9,0,0,0,0,9,0,0,0,5,0,0,5,14,1,False,False,False,True,False
2018,Nigeria,Sri Lanka,ASY,Galle,U,I,0,0,0,0,0,0,0,0,0,0,7,0,0,7,7,0,True,False,False,False,False
2018,Pakistan,Sri Lanka,ASY,Colombo : District,U,I,0,8,0,9,0,0,17,0,0,5,24,0,0,29,46,0,True,False,False,False,False
2018,Pakistan,Sri Lanka,ASY,Gampaha : District,U,I,25,44,25,147,8,0,249,36,43,28,264,10,0,381,630,0,True,False,False,False,False
2018,Pakistan,Sri Lanka,REF,Colombo : District,U,I,5,5,0,15,0,0,25,0,7,0,18,0,0,25,50,1,False,False,False,True,False
2018,Pakistan,Sri Lanka,REF,Gampaha : District,U,I,20,27,9,119,12,0,187,32,38,35,208,8,0,321,508,1,False,False,False,True,False
2018,Sudan,Sri Lanka,ASY,Gampaha : District,U,I,0,0,5,0,0,0,5,0,0,0,0,0,0,0,5,0,True,False,False,False,False
2018,Syrian Arab Republic,Sri Lanka,REF,Colombo : District,U,I,0,0,8,0,0,0,8,0,0,6,0,0,0,6,14,1,False,False,False,True,False
2018,Yemen,Sri Lanka,ASY,Gampaha : District,U,I,0,0,0,0,0,0,0,0,0,0,5,0,0,5,5,0,True,False,False,False,False
2018,Yemen,Sri Lanka,REF,Gampaha : District,U,I,0,0,0,5,0,0,5,0,7,0,0,0,0,7,12,1,False,False,False,True,False
2019,Afghanistan,Sri Lanka,ASY,Colombo : District,U,I,0,5,0,0,0,0,5,0,0,7,0,0,0,7,12,0,True,False,False,False,False
2019,Afghanistan,Sri Lanka,ASY,Gampaha : District,U,I,0,7,0,9,0,0,16,0,5,0,12,0,0,17,33,0,True,False,False,False,False
2019,Afghanistan,Sri Lanka,REF,Colombo : District,U,I,0,6,0,14,0,0,20,0,7,5,15,0,0,27,47,1,False,False,False,True,False
2019,Afghanistan,Sri Lanka,REF,Gampaha : District,U,I,0,7,7,18,0,0,32,8,5,7,34,0,0,54,86,1,False,False,False,True,False
2019,Afghanistan,Sri Lanka,REF,Kalutara,U,I,0,0,5,5,0,0,10,0,5,0,5,0,0,10,20,1,False,False,False,True,False
2019,Afghanistan,Sri Lanka,REF,Kandy : District,U,I,0,0,0,0,0,0,0,0,0,0,7,0,0,7,7,1,False,False,False,True,False
2019,Bangladesh,Sri Lanka,ASY,Gampaha : District,U,I,0,0,0,5,0,0,5,0,0,0,0,0,0,0,5,0,True,False,False,False,False
2019,State of Palestine,Sri Lanka,ASY,Gampaha : District,U,I,0,0,0,0,0,0,0,0,0,0,5,0,0,5,5,0,True,False,False,False,False
2019,State of Palestine,Sri Lanka,REF,Colombo : District,U,I,0,0,0,0,0,0,0,0,0,0,5,0,0,5,5,1,False,False,False,True,False
2019,Iran (Islamic Republic of),Sri Lanka,ASY,Gampaha : District,U,I,0,0,0,5,0,0,5,0,0,0,7,0,0,7,12,0,True,False,False,False,False
2019,Iran (Islamic Republic of),Sri Lanka,REF,Gampaha : District,U,I,0,0,5,8,0,0,13,0,0,0,10,0,0,10,23,1,False,False,False,True,False
2019,Sri Lanka,Sri Lanka,IDP,Jaffna : District,V,U,0,0,0,0,0,0,0,0,0,0,0,0,0,0,23282,2,False,True,False,False,False
2019,Sri Lanka,Sri Lanka,IDP,Kilinochchi : District,V,U,0,0,0,0,0,0,0,0,0,0,0,0,0,0,1039,2,False,True,False,False,False
2019,Sri Lanka,Sri Lanka,IDP,Mullaitivu : District,V,U,0,0,0,0,0,0,0,0,0,0,0,0,0,0,188,2,False,True,False,False,False
2019,Sri Lanka,Sri Lanka,IDP,Trincomalee : District,V,U,0,0,0,0,0,0,0,0,0,0,0,0,0,0,557,2,False,True,False,False,False
2019,Sri Lanka,Sri Lanka,IDP,Vavuniya : District,V,U,0,0,0,0,0,0,0,0,0,0,0,0,0,0,44,2,False,True,False,False,False
2019,Sri Lanka,Sri Lanka,RDP,Jaffna : District,V,U,0,0,0,0,0,0,0,0,0,0,0,0,0,0,10035,4,False,False,True,False,False
2019,Sri Lanka,Sri Lanka,RDP,Kilinochchi : District,V,U,0,0,0,0,0,0,0,0,0,0,0,0,0,0,328,4,False,False,True,False,False
2019,Sri Lanka,Sri Lanka,RET,Ampara : District,V,I,0,0,0,0,0,0,0,0,0,0,9,0,0,9,9,3,False,False,False,False,True
2019,Sri Lanka,Sri Lanka,RET,Colombo : District,V,I,0,0,0,6,5,0,11,0,0,0,6,0,0,6,17,3,False,False,False,False,True
2019,Sri Lanka,Sri Lanka,RET,Dispersed in the country / territory,V,U,0,0,0,0,0,0,0,0,0,0,0,0,0,0,10,3,False,False,False,False,True
2019,Sri Lanka,Sri Lanka,RET,Jaffna : District,V,I,8,19,9,78,23,0,137,0,13,10,65,18,0,106,243,3,False,False,False,False,True
2019,Sri Lanka,Sri Lanka,RET,Kilinochchi : District,V,I,0,8,0,21,7,0,36,0,0,7,15,5,0,27,63,3,False,False,False,False,True
2019,Sri Lanka,Sri Lanka,RET,Mannar : District,V,I,6,22,10,72,28,0,138,5,11,9,69,19,0,113,251,3,False,False,False,False,True
2019,Sri Lanka,Sri Lanka,RET,Mullaitivu : District,V,I,0,0,5,33,5,0,43,0,5,0,27,5,0,37,80,3,False,False,False,False,True
2019,Sri Lanka,Sri Lanka,RET,Trincomalee : District,V,I,5,13,11,69,10,0,108,5,8,11,61,8,0,93,201,3,False,False,False,False,True
2019,Sri Lanka,Sri Lanka,RET,Vavuniya : District,V,I,0,9,14,53,16,0,92,5,13,7,60,17,0,102,194,3,False,False,False,False,True
2019,Myanmar,Sri Lanka,REF,Kalutara,U,I,5,5,0,7,0,0,17,0,8,0,9,0,0,17,34,1,False,False,False,True,False
2019,Nigeria,Sri Lanka,ASY,Colombo : District,U,I,0,0,0,0,0,0,0,0,0,0,5,0,0,5,5,0,True,False,False,False,False
2019,Pakistan,Sri Lanka,ASY,Colombo : District,U,I,0,5,6,10,0,0,21,0,0,5,20,0,0,25,46,0,True,False,False,False,False
2019,Pakistan,Sri Lanka,ASY,Gampaha : District,U,I,9,11,12,63,0,0,95,7,15,9,112,0,0,143,238,0,True,False,False,False,False
2019,Pakistan,Sri Lanka,REF,Colombo : District,U,I,0,0,7,9,0,0,16,0,8,0,14,0,0,22,38,1,False,False,False,True,False
2019,Pakistan,Sri Lanka,REF,Gampaha : District,U,I,20,49,33,171,13,0,286,42,62,42,318,12,0,476,762,1,False,False,False,True,False
2019,Sudan,Sri Lanka,ASY,Colombo : District,U,I,0,0,5,0,0,0,5,0,0,0,0,0,0,0,5,0,True,False,False,False,False
2019,Syrian Arab Republic,Sri Lanka,REF,Colombo : District,U,I,0,0,0,5,0,0,5,0,0,0,0,0,0,0,5,1,False,False,False,True,False
2019,Yemen,Sri Lanka,REF,Gampaha : District,U,I,0,0,0,5,0,0,5,0,9,0,0,0,0,9,14,1,False,False,False,True,False
2020,Afghanistan,Sri Lanka,ASY,Colombo : District,U,I,0,5,0,0,0,0,5,0,0,6,0,0,0,6,11,0,True,False,False,False,False
2020,Afghanistan,Sri Lanka,ASY,Gampaha : District,U,I,0,0,0,5,0,0,5,0,0,0,9,0,0,9,14,0,True,False,False,False,False
2020,Afghanistan,Sri Lanka,REF,Colombo : District,U,I,0,0,5,6,0,0,11,5,9,0,15,0,0,29,40,1,False,False,False,True,False
2020,Afghanistan,Sri Lanka,REF,Gampaha : District,U,I,0,7,7,19,0,0,33,6,5,5,35,0,0,51,84,1,False,False,False,True,False
2020,Afghanistan,Sri Lanka,REF,Kalutara,U,I,0,0,7,0,0,0,7,0,0,0,0,0,0,0,7,1,False,False,False,True,False
2020,Afghanistan,Sri Lanka,REF,Kandy : District,U,I,0,0,0,0,0,0,0,0,0,0,11,0,0,11,11,1,False,False,False,True,False
2020,Bangladesh,Sri Lanka,ASY,Colombo : District,U,I,0,0,0,0,0,0,0,0,0,0,5,0,0,5,5,0,True,False,False,False,False
2020,State of Palestine,Sri Lanka,ASY,Gampaha : District,U,I,0,0,0,0,0,0,0,0,0,0,5,0,0,5,5,0,True,False,False,False,False
2020,State of Palestine,Sri Lanka,REF,Colombo : District,U,I,0,0,0,0,0,0,0,0,0,0,5,0,0,5,5,1,False,False,False,True,False
2020,Iran (Islamic Republic of),Sri Lanka,ASY,Gampaha : District,U,I,0,0,0,0,0,0,0,0,0,0,7,0,0,7,7,0,True,False,False,False,False
2020,Iran (Islamic Republic of),Sri Lanka,REF,Colombo : District,U,I,0,0,0,0,0,0,0,0,0,0,5,0,0,5,5,1,False,False,False,True,False
2020,Iran (Islamic Republic of),Sri Lanka,REF,Gampaha : District,U,I,0,0,5,8,0,0,13,0,0,0,7,0,0,7,20,1,False,False,False,True,False
2020,Sri Lanka,Sri Lanka,IDP,Jaffna : District,V,U,0,0,0,0,0,0,0,0,0,0,0,0,0,0,23282,2,False,True,False,False,False
2020,Sri Lanka,Sri Lanka,IDP,Kilinochchi : District,V,U,0,0,0,0,0,0,0,0,0,0,0,0,0,0,942,2,False,True,False,False,False
2020,Sri Lanka,Sri Lanka,IDP,Mullaitivu : District,V,U,0,0,0,0,0,0,0,0,0,0,0,0,0,0,188,2,False,True,False,False,False
2020,Sri Lanka,Sri Lanka,IDP,Trincomalee : District,V,U,0,0,0,0,0,0,0,0,0,0,0,0,0,0,557,2,False,True,False,False,False
2020,Sri Lanka,Sri Lanka,IDP,Vavuniya : District,V,U,0,0,0,0,0,0,0,0,0,0,0,0,0,0,44,2,False,True,False,False,False
2020,Sri Lanka,Sri Lanka,RDP,Kilinochchi : District,V,U,0,0,0,0,0,0,0,0,0,0,0,0,0,0,97,4,False,False,True,False,False
2020,Sri Lanka,Sri Lanka,RET,Dispersed in the country / territory,V,U,0,0,0,0,0,0,0,0,0,0,0,0,0,0,6,3,False,False,False,False,True
2020,Sri Lanka,Sri Lanka,RET,Jaffna : District,V,I,0,0,7,18,10,0,35,0,0,9,18,5,0,32,67,3,False,False,False,False,True
2020,Sri Lanka,Sri Lanka,RET,Kilinochchi : District,V,I,0,0,0,8,0,0,8,0,0,5,6,0,0,11,19,3,False,False,False,False,True
2020,Sri Lanka,Sri Lanka,RET,Mannar : District,V,I,0,5,0,10,5,0,20,0,0,5,10,5,0,20,40,3,False,False,False,False,True
2020,Sri Lanka,Sri Lanka,RET,Mullaitivu : District,V,I,0,0,0,9,0,0,9,0,0,0,0,0,0,0,9,3,False,False,False,False,True
2020,Sri Lanka,Sri Lanka,RET,Trincomalee : District,V,I,0,7,0,12,0,0,19,0,0,6,8,0,0,14,33,3,False,False,False,False,True
2020,Sri Lanka,Sri Lanka,RET,Vavuniya : District,V,I,0,5,0,7,5,0,17,0,0,5,10,6,0,21,38,3,False,False,False,False,True
2020,Myanmar,Sri Lanka,REF,Colombo : District,U,I,5,0,0,0,0,0,5,0,0,0,0,0,0,0,5,1,False,False,False,True,False
2020,Myanmar,Sri Lanka,REF,Kalutara,U,I,0,8,0,6,0,0,14,0,7,0,8,0,0,15,29,1,False,False,False,True,False
2020,Nigeria,Sri Lanka,ASY,Colombo : District,U,I,0,0,0,0,0,0,0,0,0,0,5,0,0,5,5,0,True,False,False,False,False
2020,Pakistan,Sri Lanka,ASY,Colombo : District,U,I,0,5,5,13,0,0,23,0,0,5,21,0,0,26,49,0,True,False,False,False,False
2020,Pakistan,Sri Lanka,ASY,Gampaha : District,U,I,10,5,6,33,0,0,54,6,5,0,63,0,0,74,128,0,True,False,False,False,False
2020,Pakistan,Sri Lanka,REF,Colombo : District,U,I,0,9,0,12,0,0,21,0,5,5,21,0,0,31,52,1,False,False,False,True,False
2020,Pakistan,Sri Lanka,REF,Gampaha : District,U,I,22,49,29,159,10,0,269,45,51,34,311,9,0,450,719,1,False,False,False,True,False
2020,Pakistan,Sri Lanka,REF,Kalutara,U,I,0,0,5,0,0,0,5,0,0,0,0,0,0,0,5,1,False,False,False,True,False
2020,Sudan,Sri Lanka,REF,Colombo : District,U,I,0,0,5,0,0,0,5,0,0,0,0,0,0,0,5,1,False,False,False,True,False
2020,Syrian Arab Republic,Sri Lanka,REF,Colombo : District,U,I,0,0,0,5,0,0,5,0,0,0,0,0,0,0,5,1,False,False,False,True,False
2020,Yemen,Sri Lanka,REF,Colombo : District,U,I,0,0,0,0,0,0,0,0,0,0,5,0,0,5,5,1,False,False,False,True,False
2020,Yemen,Sri Lanka,REF,Gampaha : District,U,I,0,0,0,5,0,0,5,0,6,0,0,0,0,6,11,1,False,False,False,True,False
2021,Afghanistan,Sri Lanka,ASY,Colombo : District,U,I,0,0,5,0,0,0,5,0,0,9,0,0,0,9,14,0,True,False,False,False,False
2021,Afghanistan,Sri Lanka,ASY,Gampaha : District,U,I,0,0,0,5,0,0,5,0,0,0,8,0,0,8,13,0,True,False,False,False,False
2021,Afghanistan,Sri Lanka,REF,Colombo : District,U,I,0,0,0,7,0,0,7,0,5,5,7,0,0,17,24,1,False,False,False,True,False
2021,Afghanistan,Sri Lanka,REF,Gampaha : District,U,I,5,5,5,19,0,0,34,10,6,0,32,0,0,48,82,1,False,False,False,True,False
2021,Afghanistan,Sri Lanka,REF,Kandy : District,U,I,0,0,0,0,0,0,0,0,0,0,7,0,0,7,7,1,False,False,False,True,False
2021,State of Palestine,Sri Lanka,ASY,Gampaha : District,U,I,0,0,0,0,0,0,0,0,0,0,5,0,0,5,5,0,True,False,False,False,False
2021,State of Palestine,Sri Lanka,REF,Colombo : District,U,I,0,0,0,0,0,0,0,0,0,0,6,0,0,6,6,1,False,False,False,True,False
2021,Iran (Islamic Republic of),Sri Lanka,REF,Gampaha : District,U,I,0,0,0,14,0,0,14,0,0,0,10,0,0,10,24,1,False,False,False,True,False
2021,Sri Lanka,Sri Lanka,IDP,Batticaloa : District,V,U,0,0,0,0,0,0,0,0,0,0,0,0,0,0,177,2,False,True,False,False,False
2021,Sri Lanka,Sri Lanka,IDP,Jaffna : District,V,U,0,0,0,0,0,0,0,0,0,0,0,0,0,0,7274,2,False,True,False,False,False
2021,Sri Lanka,Sri Lanka,IDP,Kilinochchi : District,V,U,0,0,0,0,0,0,0,0,0,0,0,0,0,0,660,2,False,True,False,False,False
2021,Sri Lanka,Sri Lanka,IDP,Mullaitivu : District,V,U,0,0,0,0,0,0,0,0,0,0,0,0,0,0,5,2,False,True,False,False,False
2021,Sri Lanka,Sri Lanka,IDP,Trincomalee : District,V,U,0,0,0,0,0,0,0,0,0,0,0,0,0,0,651,2,False,True,False,False,False
2021,Sri Lanka,Sri Lanka,RDP,Jaffna : District,V,U,0,0,0,0,0,0,0,0,0,0,0,0,0,0,16010,4,False,False,True,False,False
2021,Sri Lanka,Sri Lanka,RDP,Kilinochchi : District,V,U,0,0,0,0,0,0,0,0,0,0,0,0,0,0,282,4,False,False,True,False,False
2021,Sri Lanka,Sri Lanka,RDP,Mullaitivu : District,V,U,0,0,0,0,0,0,0,0,0,0,0,0,0,0,183,4,False,False,True,False,False
2021,Sri Lanka,Sri Lanka,RDP,Vavuniya : District,V,U,0,0,0,0,0,0,0,0,0,0,0,0,0,0,44,4,False,False,True,False,False
2021,Sri Lanka,Sri Lanka,RET,Ampara : District,V,I,0,0,5,0,0,0,5,0,0,0,0,0,0,0,5,3,False,False,False,False,True
2021,Sri Lanka,Sri Lanka,RET,Colombo : District,V,I,0,0,0,0,0,0,0,0,0,0,5,0,0,5,5,3,False,False,False,False,True
2021,Sri Lanka,Sri Lanka,RET,Dispersed in the country / territory,V,U,0,0,0,0,0,0,0,0,0,0,0,0,0,0,9,3,False,False,False,False,True
2021,Sri Lanka,Sri Lanka,RET,Jaffna : District,V,I,0,5,0,17,0,0,22,0,0,0,11,5,0,16,38,3,False,False,False,False,True
2021,Sri Lanka,Sri Lanka,RET,Kilinochchi : District,V,I,0,0,0,0,0,0,0,0,0,5,0,0,0,5,5,3,False,False,False,False,True
2021,Sri Lanka,Sri Lanka,RET,Mannar : District,V,I,0,5,0,6,0,0,11,0,0,0,0,0,0,0,11,3,False,False,False,False,True
2021,Sri Lanka,Sri Lanka,RET,Mullaitivu : District,V,I,0,0,0,9,0,0,9,0,0,0,0,0,0,0,9,3,False,False,False,False,True
2021,Sri Lanka,Sri Lanka,RET,Trincomalee : District,V,I,0,0,6,0,0,0,6,0,0,0,7,0,0,7,13,3,False,False,False,False,True
2021,Sri Lanka,Sri Lanka,RET,Vavuniya : District,V,I,0,0,0,8,0,0,8,0,9,0,0,0,0,9,17,3,False,False,False,False,True
2021,Myanmar,Sri Lanka,REF,Colombo : District,U,I,5,0,0,0,0,0,5,0,0,0,0,0,0,0,5,1,False,False,False,True,False
2021,Myanmar,Sri Lanka,REF,Kalutara,U,I,0,8,0,6,0,0,14,0,7,0,9,0,0,16,30,1,False,False,False,True,False
2021,Nigeria,Sri Lanka,ASY,Colombo : District,U,I,0,0,0,0,0,0,0,5,0,0,5,0,0,10,10,0,True,False,False,False,False
2021,Pakistan,Sri Lanka,ASY,Colombo : District,U,I,0,0,5,9,0,0,14,0,5,0,15,0,0,20,34,0,True,False,False,False,False
2021,Pakistan,Sri Lanka,ASY,Gampaha : District,U,I,8,5,5,31,0,0,49,5,5,0,56,0,0,66,115,0,True,False,False,False,False
2021,Pakistan,Sri Lanka,REF,Colombo : District,U,I,0,7,5,10,0,0,22,0,0,9,17,0,0,26,48,1,False,False,False,True,False
2021,Pakistan,Sri Lanka,REF,Gampaha : District,U,I,19,40,29,146,11,0,245,33,54,27,284,13,0,411,656,1,False,False,False,True,False
2021,Pakistan,Sri Lanka,REF,Kalutara,U,I,0,0,5,0,0,0,5,0,0,0,0,0,0,0,5,1,False,False,False,True,False
2021,Sudan,Sri Lanka,ASY,Colombo : District,U,I,0,0,5,0,0,0,5,0,0,0,0,0,0,0,5,0,True,False,False,False,False
2021,Sudan,Sri Lanka,REF,Colombo : District,U,I,0,0,5,0,0,0,5,0,0,0,0,0,0,0,5,1,False,False,False,True,False
2021,Yemen,Sri Lanka,ASY,Gampaha : District,U,I,0,0,0,0,0,0,0,0,0,5,0,0,0,5,5,0,True,False,False,False,False
2021,Yemen,Sri Lanka,REF,Gampaha : District,U,I,0,0,0,6,0,0,6,0,0,9,0,0,0,9,15,1,False,False,False,True,False
2022,Afghanistan,Sri Lanka,REF,Colombo : District,U,I,0,0,5,0,0,0,5,0,0,5,6,0,0,11,16,1,False,False,False,True,False
2022,Afghanistan,Sri Lanka,REF,Gampaha : District,U,I,0,6,6,15,0,0,27,8,0,5,21,5,0,39,66,1,False,False,False,True,False
2022,Afghanistan,Sri Lanka,REF,Kandy : District,U,I,0,0,0,0,0,0,0,0,0,0,5,0,0,5,5,1,False,False,False,True,False
2022,Belarus,Sri Lanka,ASY,Matara,U,I,0,0,5,0,0,0,5,0,0,0,0,0,0,0,5,0,True,False,False,False,False
2022,State of Palestine,Sri Lanka,REF,Gampaha : District,U,I,0,0,0,0,0,0,0,0,0,0,5,0,0,5,5,1,False,False,False,True,False
2022,India,Sri Lanka,ASY,Colombo : District,U,I,5,0,0,0,0,0,5,0,0,0,0,0,0,0,5,0,True,False,False,False,False
2022,Iran (Islamic Republic of),Sri Lanka,ASY,Kalutara,U,I,0,0,0,5,0,0,5,0,0,0,0,0,0,0,5,0,True,False,False,False,False
2022,Iran (Islamic Republic of),Sri Lanka,REF,Gampaha : District,U,I,0,0,0,5,0,0,5,0,0,0,7,0,0,7,12,1,False,False,False,True,False
2022,Iraq,Sri Lanka,ASY,Kandy : District,U,I,0,0,0,0,0,0,0,0,0,0,5,0,0,5,5,0,True,False,False,False,False
2022,Sri Lanka,Sri Lanka,IDP,Batticaloa : District,V,U,0,0,0,0,0,0,0,0,0,0,0,0,0,0,177,2,False,True,False,False,False
2022,Sri Lanka,Sri Lanka,IDP,Jaffna : District,V,U,0,0,0,0,0,0,0,0,0,0,0,0,0,0,7047,2,False,True,False,False,False
2022,Sri Lanka,Sri Lanka,IDP,Kilinochchi : District,V,U,0,0,0,0,0,0,0,0,0,0,0,0,0,0,660,2,False,True,False,False,False
2022,Sri Lanka,Sri Lanka,IDP,Mullaitivu : District,V,U,0,0,0,0,0,0,0,0,0,0,0,0,0,0,5,2,False,True,False,False,False
2022,Sri Lanka,Sri Lanka,IDP,Trincomalee : District,V,U,0,0,0,0,0,0,0,0,0,0,0,0,0,0,651,2,False,True,False,False,False
2022,Sri Lanka,Sri Lanka,RDP,Jaffna : District,V,U,0,0,0,0,0,0,0,0,0,0,0,0,0,0,227,4,False,False,True,False,False
2022,Sri Lanka,Sri Lanka,RET,Batticaloa : District,V,I,0,0,0,0,0,0,0,0,7,0,0,0,0,7,7,3,False,False,False,False,True
2022,Sri Lanka,Sri Lanka,RET,Colombo : District,V,I,0,0,0,7,0,0,7,0,0,0,5,0,0,5,12,3,False,False,False,False,True
2022,Sri Lanka,Sri Lanka,RET,Dispersed in the country / territory,V,U,0,0,0,0,0,0,0,0,0,0,0,0,0,0,119,3,False,False,False,False,True
2022,Sri Lanka,Sri Lanka,RET,Jaffna : District,V,I,0,5,0,26,13,0,44,0,0,7,15,13,0,35,79,3,False,False,False,False,True
2022,Sri Lanka,Sri Lanka,RET,Kilinochchi : District,V,I,0,0,0,8,5,0,13,0,0,0,9,0,0,9,22,3,False,False,False,False,True
2022,Sri Lanka,Sri Lanka,RET,Mannar : District,V,I,0,0,7,14,6,0,27,0,0,0,11,5,0,16,43,3,False,False,False,False,True
2022,Sri Lanka,Sri Lanka,RET,Mullaitivu : District,V,I,0,0,0,12,0,0,12,0,0,0,7,0,0,7,19,3,False,False,False,False,True
2022,Sri Lanka,Sri Lanka,RET,Trincomalee : District,V,I,0,0,5,13,0,0,18,0,5,0,16,0,0,21,39,3,False,False,False,False,True
2022,Sri Lanka,Sri Lanka,RET,Vavuniya : District,V,I,0,5,0,8,5,0,18,0,0,0,11,0,0,11,29,3,False,False,False,False,True
2022,Myanmar,Sri Lanka,REF,Colombo : District,U,I,0,5,0,0,0,0,5,0,0,0,0,0,0,0,5,1,False,False,False,True,False
2022,Myanmar,Sri Lanka,REF,Kalutara,U,I,0,8,0,6,0,0,14,0,8,0,9,0,0,17,31,1,False,False,False,True,False
2022,Nigeria,Sri Lanka,ASY,Gampaha : District,U,I,0,0,0,0,0,0,0,0,0,0,5,0,0,5,5,0,True,False,False,False,False
2022,Pakistan,Sri Lanka,ASY,Colombo : District,U,I,0,0,5,7,0,0,12,0,0,0,13,0,0,13,25,0,True,False,False,False,False
2022,Pakistan,Sri Lanka,ASY,Gampaha : District,U,I,5,5,5,30,0,0,45,5,0,16,105,0,0,126,171,0,True,False,False,False,False
2022,Pakistan,Sri Lanka,REF,Colombo : District,U,I,0,5,5,10,0,0,20,0,9,0,16,0,0,25,45,1,False,False,False,True,False
2022,Pakistan,Sri Lanka,REF,Gampaha : District,U,I,0,18,19,57,5,0,99,10,17,9,159,8,0,203,302,1,False,False,False,True,False
2022,Sudan,Sri Lanka,REF,Colombo : District,U,I,0,0,9,0,0,0,9,0,0,0,0,0,0,0,9,1,False,False,False,True,False
2022,Yemen,Sri Lanka,REF,Colombo : District,U,I,0,0,0,8,0,0,8,0,0,0,0,0,0,0,8,1,False,False,False,True,False
2023,Afghanistan,Sri Lanka,REF,Colombo : District,U,I,0,0,0,0,0,0,0,0,0,0,5,0,0,5,5,1,False,False,False,True,False
2023,Afghanistan,Sri Lanka,REF,Gampaha : District,U,I,0,0,6,12,0,0,18,9,0,0,16,0,0,25,43,1,False,False,False,True,False
2023,Afghanistan,Sri Lanka,REF,Kandy : District,U,I,0,0,0,0,0,0,0,0,0,0,5,0,0,5,5,1,False,False,False,True,False
2023,Bangladesh,Sri Lanka,ASY,Colombo : District,U,I,0,0,0,6,0,0,6,0,0,0,0,0,0,0,6,0,True,False,False,False,False
2023,Belarus,Sri Lanka,ASY,Matara,U,I,0,0,5,0,0,0,5,0,0,0,0,0,0,0,5,0,True,False,False,False,False
2023,State of Palestine,Sri Lanka,REF,Gampaha : District,U,I,0,0,0,0,0,0,0,0,0,0,5,0,0,5,5,1,False,False,False,True,False
2023,Iran (Islamic Republic of),Sri Lanka,REF,Gampaha : District,U,I,0,0,0,0,0,0,0,0,0,0,5,0,0,5,5,1,False,False,False,True,False
2023,Iraq,Sri Lanka,ASY,Colombo : District,U,I,0,0,0,0,0,0,0,0,0,0,5,0,0,5,5,0,True,False,False,False,False
2023,Sri Lanka,Sri Lanka,IDP,Jaffna : District,V,U,0,0,0,0,0,0,0,0,0,0,0,0,0,0,4568,2,False,True,False,False,False
2023,Sri Lanka,Sri Lanka,IDP,Kilinochchi : District,V,U,0,0,0,0,0,0,0,0,0,0,0,0,0,0,238,2,False,True,False,False,False
2023,Sri Lanka,Sri Lanka,RDP,Batticaloa : District,V,U,0,0,0,0,0,0,0,0,0,0,0,0,0,0,176,4,False,False,True,False,False
2023,Sri Lanka,Sri Lanka,RDP,Jaffna : District,V,U,0,0,0,0,0,0,0,0,0,0,0,0,0,0,2480,4,False,False,True,False,False
2023,Sri Lanka,Sri Lanka,RDP,Kilinochchi : District,V,U,0,0,0,0,0,0,0,0,0,0,0,0,0,0,422,4,False,False,True,False,False
2023,Sri Lanka,Sri Lanka,RDP,Mullaitivu : District,V,U,0,0,0,0,0,0,0,0,0,0,0,0,0,0,5,4,False,False,True,False,False
2023,Sri Lanka,Sri Lanka,RDP,Trincomalee : District,V,U,0,0,0,0,0,0,0,0,0,0,0,0,0,0,651,4,False,False,True,False,False
2023,Sri Lanka,Sri Lanka,RET,Batticaloa : District,V,I,0,0,0,9,0,0,9,0,0,5,7,0,0,12,21,3,False,False,False,False,True
2023,Sri Lanka,Sri Lanka,RET,Dispersed in the country / territory,V,U,0,0,0,0,0,0,0,0,0,0,0,0,0,0,20,3,False,False,False,False,True
2023,Sri Lanka,Sri Lanka,RET,Jaffna : District,V,I,5,0,6,26,5,0,42,0,5,6,36,5,0,52,94,3,False,False,False,False,True
2023,Sri Lanka,Sri Lanka,RET,Kilinochchi : District,V,I,0,0,5,11,0,0,16,0,0,5,9,0,0,14,30,3,False,False,False,False,True
2023,Sri Lanka,Sri Lanka,RET,Mannar : District,V,I,0,0,5,23,0,0,28,0,5,0,19,0,0,24,52,3,False,False,False,False,True
2023,Sri Lanka,Sri Lanka,RET,Mullaitivu : District,V,I,0,0,0,7,0,0,7,0,0,0,7,0,0,7,14,3,False,False,False,False,True
2023,Sri Lanka,Sri Lanka,RET,Trincomalee : District,V,I,0,6,0,21,0,0,27,0,0,7,22,5,0,34,61,3,False,False,False,False,True
2023,Sri Lanka,Sri Lanka,RET,Vavuniya : District,V,I,0,0,7,12,5,0,24,0,0,8,22,0,0,30,54,3,False,False,False,False,True
2023,Myanmar,Sri Lanka,REF,Kalutara,U,I,0,8,12,30,0,0,50,5,5,16,35,0,0,61,111,1,False,False,False,True,False
2023,Pakistan,Sri Lanka,ASY,Colombo : District,U,I,0,0,0,7,0,0,7,0,0,0,0,0,0,0,7,0,True,False,False,False,False
2023,Pakistan,Sri Lanka,ASY,Gampaha : District,U,I,0,6,6,15,0,0,27,0,5,18,105,0,0,128,155,0,True,False,False,False,False
2023,Pakistan,Sri Lanka,REF,Colombo : District,U,I,0,9,0,9,0,0,18,0,5,0,14,0,0,19,37,1,False,False,False,True,False
2023,Pakistan,Sri Lanka,REF,Gampaha : District,U,I,0,6,11,29,5,0,51,5,7,5,80,5,0,102,153,1,False,False,False,True,False
2023,Sudan,Sri Lanka,REF,Colombo : District,U,I,0,0,0,5,0,0,5,0,0,0,0,0,0,0,5,1,False,False,False,True,False
2023,Yemen,Sri Lanka,REF,Colombo : District,U,I,0,0,0,8,0,0,8,0,0,0,0,0,0,0,8,1,False,False,False,True,False
